job,structure,environment,kind,resin,pfas,state,site,spectator,conformer,pose,charge,multiplicity,atoms,cpus,mem_gb,gaussian_mem_gb,hours,resource_group,stages,input_dir
ion_Cl__water,ion_Cl,water,ion,,,Cl,,,,,-1,1,1,2,4,2,2,ions,sp;method;basis,inputs/water/ion_Cl
ion_F__water,ion_F,water,ion,,,F,,,,,-1,1,1,2,4,2,2,ions,sp;method,inputs/water/ion_F
ion_I__water,ion_I,water,ion,,,I,,,,,-1,1,1,2,4,2,2,ions,sp;method,inputs/water/ion_I
A400_Cl_c1_p1__water,A400_Cl_c1_p1,water,counterion,A400,,Cl,,,1,1,0,1,28,8,40,30,48,small,opt;freq;sp;method;basis,inputs/water/A400_Cl_c1_p1
A400_Cl_c2_p2__water,A400_Cl_c2_p2,water,counterion,A400,,Cl,,,2,2,0,1,28,8,40,30,48,small,opt;freq;sp;method;basis,inputs/water/A400_Cl_c2_p2
A400_F_c1_p1__water,A400_F_c1_p1,water,counterion,A400,,F,,,1,1,0,1,28,8,40,30,48,small,opt;freq;sp;method,inputs/water/A400_F_c1_p1
A400_F_c2_p2__water,A400_F_c2_p2,water,counterion,A400,,F,,,2,2,0,1,28,8,40,30,48,small,opt;freq;sp;method,inputs/water/A400_F_c2_p2
PPh3_Cl_c1_p1__water,PPh3_Cl_c1_p1,water,counterion,PPh3,,Cl,,,1,1,0,1,49,8,64,48,168,large,opt;freq;sp,inputs/water/PPh3_Cl_c1_p1
PPh3_Cl_c2_p2__water,PPh3_Cl_c2_p2,water,counterion,PPh3,,Cl,,,2,2,0,1,49,8,64,48,168,large,opt;freq;sp,inputs/water/PPh3_Cl_c2_p2
PC4P_Cl_c1_p1__water,PC4P_Cl_c1_p1,water,counterion,PC4P,,Cl,,,1,1,0,1,73,8,64,48,168,large,opt;freq;sp;method,inputs/water/PC4P_Cl_c1_p1
PC4P_Cl_c2_p2__water,PC4P_Cl_c2_p2,water,counterion,PC4P,,Cl,,,2,2,0,1,73,8,64,48,168,large,opt;freq;sp;method,inputs/water/PC4P_Cl_c2_p2
PC4P-Me_ClCl_c1_p1__water,PC4P-Me_ClCl_c1_p1,water,counterion,PC4P-Me,,ClCl,,,1,1,0,1,78,8,64,48,168,large,opt;freq;sp,inputs/water/PC4P-Me_ClCl_c1_p1
PC4P-Me_ClCl_c2_p2__water,PC4P-Me_ClCl_c2_p2,water,counterion,PC4P-Me,,ClCl,,,2,2,0,1,78,8,64,48,168,large,opt;freq;sp,inputs/water/PC4P-Me_ClCl_c2_p2
PC4P-Me_ClI_c1_p1__water,PC4P-Me_ClI_c1_p1,water,counterion,PC4P-Me,,ClI,,,1,1,0,1,78,8,64,48,168,large,opt;freq;sp;method,inputs/water/PC4P-Me_ClI_c1_p1
PC4P-Me_ClI_c2_p2__water,PC4P-Me_ClI_c2_p2,water,counterion,PC4P-Me,,ClI,,,2,2,0,1,78,8,64,48,168,large,opt;freq;sp;method,inputs/water/PC4P-Me_ClI_c2_p2
PC4P-Me_II_c1_p1__water,PC4P-Me_II_c1_p1,water,counterion,PC4P-Me,,II,,,1,1,0,1,78,8,64,48,168,large,opt;freq;sp;method,inputs/water/PC4P-Me_II_c1_p1
PC4P-Me_II_c2_p2__water,PC4P-Me_II_c2_p2,water,counterion,PC4P-Me,,II,,,2,2,0,1,78,8,64,48,168,large,opt;freq;sp;method,inputs/water/PC4P-Me_II_c2_p2
PCy3_Cl_c1_p1__water,PCy3_Cl_c1_p1,water,counterion,PCy3,,Cl,,,1,1,0,1,67,8,64,48,168,large,opt;freq;sp,inputs/water/PCy3_Cl_c1_p1
PCy3_Cl_c2_p2__water,PCy3_Cl_c2_p2,water,counterion,PCy3,,Cl,,,2,2,0,1,67,8,64,48,168,large,opt;freq;sp,inputs/water/PCy3_Cl_c2_p2
free_PFBA_c1__water,free_PFBA_c1,water,free,,PFBA,,,,1,,-1,1,13,8,40,30,48,small,opt;freq;sp;method;basis,inputs/water/free_PFBA_c1
free_PFBA_c2__water,free_PFBA_c2,water,free,,PFBA,,,,2,,-1,1,13,8,40,30,48,small,opt;freq;sp;method;basis,inputs/water/free_PFBA_c2
free_PFOA_c1__water,free_PFOA_c1,water,free,,PFOA,,,,1,,-1,1,25,8,40,30,48,small,opt;freq;sp,inputs/water/free_PFOA_c1
free_PFOA_c2__water,free_PFOA_c2,water,free,,PFOA,,,,2,,-1,1,25,8,40,30,48,small,opt;freq;sp,inputs/water/free_PFOA_c2
free_PFNA_c1__water,free_PFNA_c1,water,free,,PFNA,,,,1,,-1,1,28,8,40,30,48,small,opt;freq;sp,inputs/water/free_PFNA_c1
free_PFNA_c2__water,free_PFNA_c2,water,free,,PFNA,,,,2,,-1,1,28,8,40,30,48,small,opt;freq;sp,inputs/water/free_PFNA_c2
free_PFOS_c1__water,free_PFOS_c1,water,free,,PFOS,,,,1,,-1,1,29,8,40,30,48,small,opt;freq;sp;method,inputs/water/free_PFOS_c1
free_PFOS_c2__water,free_PFOS_c2,water,free,,PFOS,,,,2,,-1,1,29,8,40,30,48,small,opt;freq;sp;method,inputs/water/free_PFOS_c2
free_PFPeA_c1__water,free_PFPeA_c1,water,free,,PFPeA,,,,1,,-1,1,16,8,40,30,48,small,opt;freq;sp,inputs/water/free_PFPeA_c1
free_PFPeA_c2__water,free_PFPeA_c2,water,free,,PFPeA,,,,2,,-1,1,16,8,40,30,48,small,opt;freq;sp,inputs/water/free_PFPeA_c2
free_PFHpA_c1__water,free_PFHpA_c1,water,free,,PFHpA,,,,1,,-1,1,22,8,40,30,48,small,opt;freq;sp,inputs/water/free_PFHpA_c1
free_PFHpA_c2__water,free_PFHpA_c2,water,free,,PFHpA,,,,2,,-1,1,22,8,40,30,48,small,opt;freq;sp,inputs/water/free_PFHpA_c2
A400_PFBA_s1_c1_p1__water,A400_PFBA_s1_c1_p1,water,complex,A400,PFBA,,1,,1,1,0,1,40,8,40,30,48,small,opt;freq;sp;method;basis,inputs/water/A400_PFBA_s1_c1_p1
A400_PFBA_s1_c2_p2__water,A400_PFBA_s1_c2_p2,water,complex,A400,PFBA,,1,,2,2,0,1,40,8,40,30,48,small,opt;freq;sp;method;basis,inputs/water/A400_PFBA_s1_c2_p2
A400_PFBA_s1_c3_p3__water,A400_PFBA_s1_c3_p3,water,complex,A400,PFBA,,1,,3,3,0,1,40,8,40,30,48,small,opt;freq;sp;method;basis,inputs/water/A400_PFBA_s1_c3_p3
PPh3_PFBA_s6_c1_p1__water,PPh3_PFBA_s6_c1_p1,water,complex,PPh3,PFBA,,6,,1,1,0,1,61,8,64,48,168,large,opt;freq;sp,inputs/water/PPh3_PFBA_s6_c1_p1
PPh3_PFBA_s6_c2_p2__water,PPh3_PFBA_s6_c2_p2,water,complex,PPh3,PFBA,,6,,2,2,0,1,61,8,64,48,168,large,opt;freq;sp,inputs/water/PPh3_PFBA_s6_c2_p2
PPh3_PFBA_s6_c3_p3__water,PPh3_PFBA_s6_c3_p3,water,complex,PPh3,PFBA,,6,,3,3,0,1,61,8,64,48,168,large,opt;freq;sp,inputs/water/PPh3_PFBA_s6_c3_p3
PC4P_PFBA_s7_c1_p1__water,PC4P_PFBA_s7_c1_p1,water,complex,PC4P,PFBA,,7,,1,1,0,1,85,8,64,48,168,large,opt;freq;sp;method,inputs/water/PC4P_PFBA_s7_c1_p1
PC4P_PFBA_s7_c2_p2__water,PC4P_PFBA_s7_c2_p2,water,complex,PC4P,PFBA,,7,,2,2,0,1,85,8,64,48,168,large,opt;freq;sp;method,inputs/water/PC4P_PFBA_s7_c2_p2
PC4P_PFBA_s7_c3_p3__water,PC4P_PFBA_s7_c3_p3,water,complex,PC4P,PFBA,,7,,3,3,0,1,85,8,64,48,168,large,opt;freq;sp;method,inputs/water/PC4P_PFBA_s7_c3_p3
PC4P-Me_PFBA_s24_Cl_c1_p1__water,PC4P-Me_PFBA_s24_Cl_c1_p1,water,complex,PC4P-Me,PFBA,,24,Cl,1,1,0,1,90,8,64,48,168,large,opt;freq;sp,inputs/water/PC4P-Me_PFBA_s24_Cl_c1_p1
PC4P-Me_PFBA_s24_Cl_c2_p2__water,PC4P-Me_PFBA_s24_Cl_c2_p2,water,complex,PC4P-Me,PFBA,,24,Cl,2,2,0,1,90,8,64,48,168,large,opt;freq;sp,inputs/water/PC4P-Me_PFBA_s24_Cl_c2_p2
PC4P-Me_PFBA_s24_Cl_c3_p3__water,PC4P-Me_PFBA_s24_Cl_c3_p3,water,complex,PC4P-Me,PFBA,,24,Cl,3,3,0,1,90,8,64,48,168,large,opt;freq;sp,inputs/water/PC4P-Me_PFBA_s24_Cl_c3_p3
PC4P-Me_PFBA_s24_I_c1_p1__water,PC4P-Me_PFBA_s24_I_c1_p1,water,complex,PC4P-Me,PFBA,,24,I,1,1,0,1,90,8,64,48,168,large,opt;freq;sp;method,inputs/water/PC4P-Me_PFBA_s24_I_c1_p1
PC4P-Me_PFBA_s24_I_c2_p2__water,PC4P-Me_PFBA_s24_I_c2_p2,water,complex,PC4P-Me,PFBA,,24,I,2,2,0,1,90,8,64,48,168,large,opt;freq;sp;method,inputs/water/PC4P-Me_PFBA_s24_I_c2_p2
PC4P-Me_PFBA_s24_I_c3_p3__water,PC4P-Me_PFBA_s24_I_c3_p3,water,complex,PC4P-Me,PFBA,,24,I,3,3,0,1,90,8,64,48,168,large,opt;freq;sp;method,inputs/water/PC4P-Me_PFBA_s24_I_c3_p3
PC4P-Me_PFBA_s7_Cl_c1_p1__water,PC4P-Me_PFBA_s7_Cl_c1_p1,water,complex,PC4P-Me,PFBA,,7,Cl,1,1,0,1,90,8,64,48,168,large,opt;freq;sp,inputs/water/PC4P-Me_PFBA_s7_Cl_c1_p1
PC4P-Me_PFBA_s7_Cl_c2_p2__water,PC4P-Me_PFBA_s7_Cl_c2_p2,water,complex,PC4P-Me,PFBA,,7,Cl,2,2,0,1,90,8,64,48,168,large,opt;freq;sp,inputs/water/PC4P-Me_PFBA_s7_Cl_c2_p2
PC4P-Me_PFBA_s7_Cl_c3_p3__water,PC4P-Me_PFBA_s7_Cl_c3_p3,water,complex,PC4P-Me,PFBA,,7,Cl,3,3,0,1,90,8,64,48,168,large,opt;freq;sp,inputs/water/PC4P-Me_PFBA_s7_Cl_c3_p3
PC4P-Me_PFBA_s7_I_c1_p1__water,PC4P-Me_PFBA_s7_I_c1_p1,water,complex,PC4P-Me,PFBA,,7,I,1,1,0,1,90,8,64,48,168,large,opt;freq;sp;method,inputs/water/PC4P-Me_PFBA_s7_I_c1_p1
PC4P-Me_PFBA_s7_I_c2_p2__water,PC4P-Me_PFBA_s7_I_c2_p2,water,complex,PC4P-Me,PFBA,,7,I,2,2,0,1,90,8,64,48,168,large,opt;freq;sp;method,inputs/water/PC4P-Me_PFBA_s7_I_c2_p2
PC4P-Me_PFBA_s7_I_c3_p3__water,PC4P-Me_PFBA_s7_I_c3_p3,water,complex,PC4P-Me,PFBA,,7,I,3,3,0,1,90,8,64,48,168,large,opt;freq;sp;method,inputs/water/PC4P-Me_PFBA_s7_I_c3_p3
PCy3_PFBA_s6_c1_p1__water,PCy3_PFBA_s6_c1_p1,water,complex,PCy3,PFBA,,6,,1,1,0,1,79,8,64,48,168,large,opt;freq;sp,inputs/water/PCy3_PFBA_s6_c1_p1
PCy3_PFBA_s6_c2_p2__water,PCy3_PFBA_s6_c2_p2,water,complex,PCy3,PFBA,,6,,2,2,0,1,79,8,64,48,168,large,opt;freq;sp,inputs/water/PCy3_PFBA_s6_c2_p2
PCy3_PFBA_s6_c3_p3__water,PCy3_PFBA_s6_c3_p3,water,complex,PCy3,PFBA,,6,,3,3,0,1,79,8,64,48,168,large,opt;freq;sp,inputs/water/PCy3_PFBA_s6_c3_p3
A400_PFOA_s1_c1_p1__water,A400_PFOA_s1_c1_p1,water,complex,A400,PFOA,,1,,1,1,0,1,52,8,40,30,48,small,opt;freq;sp,inputs/water/A400_PFOA_s1_c1_p1
A400_PFOA_s1_c2_p2__water,A400_PFOA_s1_c2_p2,water,complex,A400,PFOA,,1,,2,2,0,1,52,8,40,30,48,small,opt;freq;sp,inputs/water/A400_PFOA_s1_c2_p2
A400_PFOA_s1_c3_p3__water,A400_PFOA_s1_c3_p3,water,complex,A400,PFOA,,1,,3,3,0,1,52,8,40,30,48,small,opt;freq;sp,inputs/water/A400_PFOA_s1_c3_p3
PPh3_PFOA_s6_c1_p1__water,PPh3_PFOA_s6_c1_p1,water,complex,PPh3,PFOA,,6,,1,1,0,1,73,8,64,48,168,large,opt;freq;sp,inputs/water/PPh3_PFOA_s6_c1_p1
PPh3_PFOA_s6_c2_p2__water,PPh3_PFOA_s6_c2_p2,water,complex,PPh3,PFOA,,6,,2,2,0,1,73,8,64,48,168,large,opt;freq;sp,inputs/water/PPh3_PFOA_s6_c2_p2
PPh3_PFOA_s6_c3_p3__water,PPh3_PFOA_s6_c3_p3,water,complex,PPh3,PFOA,,6,,3,3,0,1,73,8,64,48,168,large,opt;freq;sp,inputs/water/PPh3_PFOA_s6_c3_p3
PC4P_PFOA_s7_c1_p1__water,PC4P_PFOA_s7_c1_p1,water,complex,PC4P,PFOA,,7,,1,1,0,1,97,8,64,48,168,large,opt;freq;sp,inputs/water/PC4P_PFOA_s7_c1_p1
PC4P_PFOA_s7_c2_p2__water,PC4P_PFOA_s7_c2_p2,water,complex,PC4P,PFOA,,7,,2,2,0,1,97,8,64,48,168,large,opt;freq;sp,inputs/water/PC4P_PFOA_s7_c2_p2
PC4P_PFOA_s7_c3_p3__water,PC4P_PFOA_s7_c3_p3,water,complex,PC4P,PFOA,,7,,3,3,0,1,97,8,64,48,168,large,opt;freq;sp,inputs/water/PC4P_PFOA_s7_c3_p3
PC4P-Me_PFOA_s24_Cl_c1_p1__water,PC4P-Me_PFOA_s24_Cl_c1_p1,water,complex,PC4P-Me,PFOA,,24,Cl,1,1,0,1,102,8,64,48,168,large,opt;freq;sp,inputs/water/PC4P-Me_PFOA_s24_Cl_c1_p1
PC4P-Me_PFOA_s24_Cl_c2_p2__water,PC4P-Me_PFOA_s24_Cl_c2_p2,water,complex,PC4P-Me,PFOA,,24,Cl,2,2,0,1,102,8,64,48,168,large,opt;freq;sp,inputs/water/PC4P-Me_PFOA_s24_Cl_c2_p2
PC4P-Me_PFOA_s24_Cl_c3_p3__water,PC4P-Me_PFOA_s24_Cl_c3_p3,water,complex,PC4P-Me,PFOA,,24,Cl,3,3,0,1,102,8,64,48,168,large,opt;freq;sp,inputs/water/PC4P-Me_PFOA_s24_Cl_c3_p3
PC4P-Me_PFOA_s24_I_c1_p1__water,PC4P-Me_PFOA_s24_I_c1_p1,water,complex,PC4P-Me,PFOA,,24,I,1,1,0,1,102,8,64,48,168,large,opt;freq;sp,inputs/water/PC4P-Me_PFOA_s24_I_c1_p1
PC4P-Me_PFOA_s24_I_c2_p2__water,PC4P-Me_PFOA_s24_I_c2_p2,water,complex,PC4P-Me,PFOA,,24,I,2,2,0,1,102,8,64,48,168,large,opt;freq;sp,inputs/water/PC4P-Me_PFOA_s24_I_c2_p2
PC4P-Me_PFOA_s24_I_c3_p3__water,PC4P-Me_PFOA_s24_I_c3_p3,water,complex,PC4P-Me,PFOA,,24,I,3,3,0,1,102,8,64,48,168,large,opt;freq;sp,inputs/water/PC4P-Me_PFOA_s24_I_c3_p3
PC4P-Me_PFOA_s7_Cl_c1_p1__water,PC4P-Me_PFOA_s7_Cl_c1_p1,water,complex,PC4P-Me,PFOA,,7,Cl,1,1,0,1,102,8,64,48,168,large,opt;freq;sp,inputs/water/PC4P-Me_PFOA_s7_Cl_c1_p1
PC4P-Me_PFOA_s7_Cl_c2_p2__water,PC4P-Me_PFOA_s7_Cl_c2_p2,water,complex,PC4P-Me,PFOA,,7,Cl,2,2,0,1,102,8,64,48,168,large,opt;freq;sp,inputs/water/PC4P-Me_PFOA_s7_Cl_c2_p2
PC4P-Me_PFOA_s7_Cl_c3_p3__water,PC4P-Me_PFOA_s7_Cl_c3_p3,water,complex,PC4P-Me,PFOA,,7,Cl,3,3,0,1,102,8,64,48,168,large,opt;freq;sp,inputs/water/PC4P-Me_PFOA_s7_Cl_c3_p3
PC4P-Me_PFOA_s7_I_c1_p1__water,PC4P-Me_PFOA_s7_I_c1_p1,water,complex,PC4P-Me,PFOA,,7,I,1,1,0,1,102,8,64,48,168,large,opt;freq;sp,inputs/water/PC4P-Me_PFOA_s7_I_c1_p1
PC4P-Me_PFOA_s7_I_c2_p2__water,PC4P-Me_PFOA_s7_I_c2_p2,water,complex,PC4P-Me,PFOA,,7,I,2,2,0,1,102,8,64,48,168,large,opt;freq;sp,inputs/water/PC4P-Me_PFOA_s7_I_c2_p2
PC4P-Me_PFOA_s7_I_c3_p3__water,PC4P-Me_PFOA_s7_I_c3_p3,water,complex,PC4P-Me,PFOA,,7,I,3,3,0,1,102,8,64,48,168,large,opt;freq;sp,inputs/water/PC4P-Me_PFOA_s7_I_c3_p3
PCy3_PFOA_s6_c1_p1__water,PCy3_PFOA_s6_c1_p1,water,complex,PCy3,PFOA,,6,,1,1,0,1,91,8,64,48,168,large,opt;freq;sp,inputs/water/PCy3_PFOA_s6_c1_p1
PCy3_PFOA_s6_c2_p2__water,PCy3_PFOA_s6_c2_p2,water,complex,PCy3,PFOA,,6,,2,2,0,1,91,8,64,48,168,large,opt;freq;sp,inputs/water/PCy3_PFOA_s6_c2_p2
PCy3_PFOA_s6_c3_p3__water,PCy3_PFOA_s6_c3_p3,water,complex,PCy3,PFOA,,6,,3,3,0,1,91,8,64,48,168,large,opt;freq;sp,inputs/water/PCy3_PFOA_s6_c3_p3
A400_PFNA_s1_c1_p1__water,A400_PFNA_s1_c1_p1,water,complex,A400,PFNA,,1,,1,1,0,1,55,8,40,30,48,small,opt;freq;sp,inputs/water/A400_PFNA_s1_c1_p1
A400_PFNA_s1_c2_p2__water,A400_PFNA_s1_c2_p2,water,complex,A400,PFNA,,1,,2,2,0,1,55,8,40,30,48,small,opt;freq;sp,inputs/water/A400_PFNA_s1_c2_p2
A400_PFNA_s1_c3_p3__water,A400_PFNA_s1_c3_p3,water,complex,A400,PFNA,,1,,3,3,0,1,55,8,40,30,48,small,opt;freq;sp,inputs/water/A400_PFNA_s1_c3_p3
PPh3_PFNA_s6_c1_p1__water,PPh3_PFNA_s6_c1_p1,water,complex,PPh3,PFNA,,6,,1,1,0,1,76,8,64,48,168,large,opt;freq;sp,inputs/water/PPh3_PFNA_s6_c1_p1
PPh3_PFNA_s6_c2_p2__water,PPh3_PFNA_s6_c2_p2,water,complex,PPh3,PFNA,,6,,2,2,0,1,76,8,64,48,168,large,opt;freq;sp,inputs/water/PPh3_PFNA_s6_c2_p2
PPh3_PFNA_s6_c3_p3__water,PPh3_PFNA_s6_c3_p3,water,complex,PPh3,PFNA,,6,,3,3,0,1,76,8,64,48,168,large,opt;freq;sp,inputs/water/PPh3_PFNA_s6_c3_p3
PC4P_PFNA_s7_c1_p1__water,PC4P_PFNA_s7_c1_p1,water,complex,PC4P,PFNA,,7,,1,1,0,1,100,8,64,48,168,large,opt;freq;sp,inputs/water/PC4P_PFNA_s7_c1_p1
PC4P_PFNA_s7_c2_p2__water,PC4P_PFNA_s7_c2_p2,water,complex,PC4P,PFNA,,7,,2,2,0,1,100,8,64,48,168,large,opt;freq;sp,inputs/water/PC4P_PFNA_s7_c2_p2
PC4P_PFNA_s7_c3_p3__water,PC4P_PFNA_s7_c3_p3,water,complex,PC4P,PFNA,,7,,3,3,0,1,100,8,64,48,168,large,opt;freq;sp,inputs/water/PC4P_PFNA_s7_c3_p3
PC4P-Me_PFNA_s24_Cl_c1_p1__water,PC4P-Me_PFNA_s24_Cl_c1_p1,water,complex,PC4P-Me,PFNA,,24,Cl,1,1,0,1,105,8,64,48,168,large,opt;freq;sp,inputs/water/PC4P-Me_PFNA_s24_Cl_c1_p1
PC4P-Me_PFNA_s24_Cl_c2_p2__water,PC4P-Me_PFNA_s24_Cl_c2_p2,water,complex,PC4P-Me,PFNA,,24,Cl,2,2,0,1,105,8,64,48,168,large,opt;freq;sp,inputs/water/PC4P-Me_PFNA_s24_Cl_c2_p2
PC4P-Me_PFNA_s24_Cl_c3_p3__water,PC4P-Me_PFNA_s24_Cl_c3_p3,water,complex,PC4P-Me,PFNA,,24,Cl,3,3,0,1,105,8,64,48,168,large,opt;freq;sp,inputs/water/PC4P-Me_PFNA_s24_Cl_c3_p3
PC4P-Me_PFNA_s24_I_c1_p1__water,PC4P-Me_PFNA_s24_I_c1_p1,water,complex,PC4P-Me,PFNA,,24,I,1,1,0,1,105,8,64,48,168,large,opt;freq;sp,inputs/water/PC4P-Me_PFNA_s24_I_c1_p1
PC4P-Me_PFNA_s24_I_c2_p2__water,PC4P-Me_PFNA_s24_I_c2_p2,water,complex,PC4P-Me,PFNA,,24,I,2,2,0,1,105,8,64,48,168,large,opt;freq;sp,inputs/water/PC4P-Me_PFNA_s24_I_c2_p2
PC4P-Me_PFNA_s24_I_c3_p3__water,PC4P-Me_PFNA_s24_I_c3_p3,water,complex,PC4P-Me,PFNA,,24,I,3,3,0,1,105,8,64,48,168,large,opt;freq;sp,inputs/water/PC4P-Me_PFNA_s24_I_c3_p3
PC4P-Me_PFNA_s7_Cl_c1_p1__water,PC4P-Me_PFNA_s7_Cl_c1_p1,water,complex,PC4P-Me,PFNA,,7,Cl,1,1,0,1,105,8,64,48,168,large,opt;freq;sp,inputs/water/PC4P-Me_PFNA_s7_Cl_c1_p1
PC4P-Me_PFNA_s7_Cl_c2_p2__water,PC4P-Me_PFNA_s7_Cl_c2_p2,water,complex,PC4P-Me,PFNA,,7,Cl,2,2,0,1,105,8,64,48,168,large,opt;freq;sp,inputs/water/PC4P-Me_PFNA_s7_Cl_c2_p2
PC4P-Me_PFNA_s7_Cl_c3_p3__water,PC4P-Me_PFNA_s7_Cl_c3_p3,water,complex,PC4P-Me,PFNA,,7,Cl,3,3,0,1,105,8,64,48,168,large,opt;freq;sp,inputs/water/PC4P-Me_PFNA_s7_Cl_c3_p3
PC4P-Me_PFNA_s7_I_c1_p1__water,PC4P-Me_PFNA_s7_I_c1_p1,water,complex,PC4P-Me,PFNA,,7,I,1,1,0,1,105,8,64,48,168,large,opt;freq;sp,inputs/water/PC4P-Me_PFNA_s7_I_c1_p1
PC4P-Me_PFNA_s7_I_c2_p2__water,PC4P-Me_PFNA_s7_I_c2_p2,water,complex,PC4P-Me,PFNA,,7,I,2,2,0,1,105,8,64,48,168,large,opt;freq;sp,inputs/water/PC4P-Me_PFNA_s7_I_c2_p2
PC4P-Me_PFNA_s7_I_c3_p3__water,PC4P-Me_PFNA_s7_I_c3_p3,water,complex,PC4P-Me,PFNA,,7,I,3,3,0,1,105,8,64,48,168,large,opt;freq;sp,inputs/water/PC4P-Me_PFNA_s7_I_c3_p3
PCy3_PFNA_s6_c1_p1__water,PCy3_PFNA_s6_c1_p1,water,complex,PCy3,PFNA,,6,,1,1,0,1,94,8,64,48,168,large,opt;freq;sp,inputs/water/PCy3_PFNA_s6_c1_p1
PCy3_PFNA_s6_c2_p2__water,PCy3_PFNA_s6_c2_p2,water,complex,PCy3,PFNA,,6,,2,2,0,1,94,8,64,48,168,large,opt;freq;sp,inputs/water/PCy3_PFNA_s6_c2_p2
PCy3_PFNA_s6_c3_p3__water,PCy3_PFNA_s6_c3_p3,water,complex,PCy3,PFNA,,6,,3,3,0,1,94,8,64,48,168,large,opt;freq;sp,inputs/water/PCy3_PFNA_s6_c3_p3
A400_PFOS_s1_c1_p1__water,A400_PFOS_s1_c1_p1,water,complex,A400,PFOS,,1,,1,1,0,1,56,8,40,30,48,small,opt;freq;sp;method,inputs/water/A400_PFOS_s1_c1_p1
A400_PFOS_s1_c2_p2__water,A400_PFOS_s1_c2_p2,water,complex,A400,PFOS,,1,,2,2,0,1,56,8,40,30,48,small,opt;freq;sp;method,inputs/water/A400_PFOS_s1_c2_p2
A400_PFOS_s1_c3_p3__water,A400_PFOS_s1_c3_p3,water,complex,A400,PFOS,,1,,3,3,0,1,56,8,40,30,48,small,opt;freq;sp;method,inputs/water/A400_PFOS_s1_c3_p3
PPh3_PFOS_s6_c1_p1__water,PPh3_PFOS_s6_c1_p1,water,complex,PPh3,PFOS,,6,,1,1,0,1,77,8,64,48,168,large,opt;freq;sp,inputs/water/PPh3_PFOS_s6_c1_p1
PPh3_PFOS_s6_c2_p2__water,PPh3_PFOS_s6_c2_p2,water,complex,PPh3,PFOS,,6,,2,2,0,1,77,8,64,48,168,large,opt;freq;sp,inputs/water/PPh3_PFOS_s6_c2_p2
PPh3_PFOS_s6_c3_p3__water,PPh3_PFOS_s6_c3_p3,water,complex,PPh3,PFOS,,6,,3,3,0,1,77,8,64,48,168,large,opt;freq;sp,inputs/water/PPh3_PFOS_s6_c3_p3
PC4P_PFOS_s7_c1_p1__water,PC4P_PFOS_s7_c1_p1,water,complex,PC4P,PFOS,,7,,1,1,0,1,101,8,64,48,168,large,opt;freq;sp,inputs/water/PC4P_PFOS_s7_c1_p1
PC4P_PFOS_s7_c2_p2__water,PC4P_PFOS_s7_c2_p2,water,complex,PC4P,PFOS,,7,,2,2,0,1,101,8,64,48,168,large,opt;freq;sp,inputs/water/PC4P_PFOS_s7_c2_p2
PC4P_PFOS_s7_c3_p3__water,PC4P_PFOS_s7_c3_p3,water,complex,PC4P,PFOS,,7,,3,3,0,1,101,8,64,48,168,large,opt;freq;sp,inputs/water/PC4P_PFOS_s7_c3_p3
PC4P-Me_PFOS_s24_Cl_c1_p1__water,PC4P-Me_PFOS_s24_Cl_c1_p1,water,complex,PC4P-Me,PFOS,,24,Cl,1,1,0,1,106,8,64,48,168,large,opt;freq;sp,inputs/water/PC4P-Me_PFOS_s24_Cl_c1_p1
PC4P-Me_PFOS_s24_Cl_c2_p2__water,PC4P-Me_PFOS_s24_Cl_c2_p2,water,complex,PC4P-Me,PFOS,,24,Cl,2,2,0,1,106,8,64,48,168,large,opt;freq;sp,inputs/water/PC4P-Me_PFOS_s24_Cl_c2_p2
PC4P-Me_PFOS_s24_Cl_c3_p3__water,PC4P-Me_PFOS_s24_Cl_c3_p3,water,complex,PC4P-Me,PFOS,,24,Cl,3,3,0,1,106,8,64,48,168,large,opt;freq;sp,inputs/water/PC4P-Me_PFOS_s24_Cl_c3_p3
PC4P-Me_PFOS_s24_I_c1_p1__water,PC4P-Me_PFOS_s24_I_c1_p1,water,complex,PC4P-Me,PFOS,,24,I,1,1,0,1,106,8,64,48,168,large,opt;freq;sp,inputs/water/PC4P-Me_PFOS_s24_I_c1_p1
PC4P-Me_PFOS_s24_I_c2_p2__water,PC4P-Me_PFOS_s24_I_c2_p2,water,complex,PC4P-Me,PFOS,,24,I,2,2,0,1,106,8,64,48,168,large,opt;freq;sp,inputs/water/PC4P-Me_PFOS_s24_I_c2_p2
PC4P-Me_PFOS_s24_I_c3_p3__water,PC4P-Me_PFOS_s24_I_c3_p3,water,complex,PC4P-Me,PFOS,,24,I,3,3,0,1,106,8,64,48,168,large,opt;freq;sp,inputs/water/PC4P-Me_PFOS_s24_I_c3_p3
PC4P-Me_PFOS_s7_Cl_c1_p1__water,PC4P-Me_PFOS_s7_Cl_c1_p1,water,complex,PC4P-Me,PFOS,,7,Cl,1,1,0,1,106,8,64,48,168,large,opt;freq;sp,inputs/water/PC4P-Me_PFOS_s7_Cl_c1_p1
PC4P-Me_PFOS_s7_Cl_c2_p2__water,PC4P-Me_PFOS_s7_Cl_c2_p2,water,complex,PC4P-Me,PFOS,,7,Cl,2,2,0,1,106,8,64,48,168,large,opt;freq;sp,inputs/water/PC4P-Me_PFOS_s7_Cl_c2_p2
PC4P-Me_PFOS_s7_Cl_c3_p3__water,PC4P-Me_PFOS_s7_Cl_c3_p3,water,complex,PC4P-Me,PFOS,,7,Cl,3,3,0,1,106,8,64,48,168,large,opt;freq;sp,inputs/water/PC4P-Me_PFOS_s7_Cl_c3_p3
PC4P-Me_PFOS_s7_I_c1_p1__water,PC4P-Me_PFOS_s7_I_c1_p1,water,complex,PC4P-Me,PFOS,,7,I,1,1,0,1,106,8,64,48,168,large,opt;freq;sp,inputs/water/PC4P-Me_PFOS_s7_I_c1_p1
PC4P-Me_PFOS_s7_I_c2_p2__water,PC4P-Me_PFOS_s7_I_c2_p2,water,complex,PC4P-Me,PFOS,,7,I,2,2,0,1,106,8,64,48,168,large,opt;freq;sp,inputs/water/PC4P-Me_PFOS_s7_I_c2_p2
PC4P-Me_PFOS_s7_I_c3_p3__water,PC4P-Me_PFOS_s7_I_c3_p3,water,complex,PC4P-Me,PFOS,,7,I,3,3,0,1,106,8,64,48,168,large,opt;freq;sp,inputs/water/PC4P-Me_PFOS_s7_I_c3_p3
PCy3_PFOS_s6_c1_p1__water,PCy3_PFOS_s6_c1_p1,water,complex,PCy3,PFOS,,6,,1,1,0,1,95,8,64,48,168,large,opt;freq;sp,inputs/water/PCy3_PFOS_s6_c1_p1
PCy3_PFOS_s6_c2_p2__water,PCy3_PFOS_s6_c2_p2,water,complex,PCy3,PFOS,,6,,2,2,0,1,95,8,64,48,168,large,opt;freq;sp,inputs/water/PCy3_PFOS_s6_c2_p2
PCy3_PFOS_s6_c3_p3__water,PCy3_PFOS_s6_c3_p3,water,complex,PCy3,PFOS,,6,,3,3,0,1,95,8,64,48,168,large,opt;freq;sp,inputs/water/PCy3_PFOS_s6_c3_p3
A400_PFPeA_s1_c1_p1__water,A400_PFPeA_s1_c1_p1,water,complex,A400,PFPeA,,1,,1,1,0,1,43,8,40,30,48,small,opt;freq;sp,inputs/water/A400_PFPeA_s1_c1_p1
A400_PFPeA_s1_c2_p2__water,A400_PFPeA_s1_c2_p2,water,complex,A400,PFPeA,,1,,2,2,0,1,43,8,40,30,48,small,opt;freq;sp,inputs/water/A400_PFPeA_s1_c2_p2
A400_PFPeA_s1_c3_p3__water,A400_PFPeA_s1_c3_p3,water,complex,A400,PFPeA,,1,,3,3,0,1,43,8,40,30,48,small,opt;freq;sp,inputs/water/A400_PFPeA_s1_c3_p3
PPh3_PFPeA_s6_c1_p1__water,PPh3_PFPeA_s6_c1_p1,water,complex,PPh3,PFPeA,,6,,1,1,0,1,64,8,64,48,168,large,opt;freq;sp,inputs/water/PPh3_PFPeA_s6_c1_p1
PPh3_PFPeA_s6_c2_p2__water,PPh3_PFPeA_s6_c2_p2,water,complex,PPh3,PFPeA,,6,,2,2,0,1,64,8,64,48,168,large,opt;freq;sp,inputs/water/PPh3_PFPeA_s6_c2_p2
PPh3_PFPeA_s6_c3_p3__water,PPh3_PFPeA_s6_c3_p3,water,complex,PPh3,PFPeA,,6,,3,3,0,1,64,8,64,48,168,large,opt;freq;sp,inputs/water/PPh3_PFPeA_s6_c3_p3
PC4P_PFPeA_s7_c1_p1__water,PC4P_PFPeA_s7_c1_p1,water,complex,PC4P,PFPeA,,7,,1,1,0,1,88,8,64,48,168,large,opt;freq;sp,inputs/water/PC4P_PFPeA_s7_c1_p1
PC4P_PFPeA_s7_c2_p2__water,PC4P_PFPeA_s7_c2_p2,water,complex,PC4P,PFPeA,,7,,2,2,0,1,88,8,64,48,168,large,opt;freq;sp,inputs/water/PC4P_PFPeA_s7_c2_p2
PC4P_PFPeA_s7_c3_p3__water,PC4P_PFPeA_s7_c3_p3,water,complex,PC4P,PFPeA,,7,,3,3,0,1,88,8,64,48,168,large,opt;freq;sp,inputs/water/PC4P_PFPeA_s7_c3_p3
PC4P-Me_PFPeA_s24_Cl_c1_p1__water,PC4P-Me_PFPeA_s24_Cl_c1_p1,water,complex,PC4P-Me,PFPeA,,24,Cl,1,1,0,1,93,8,64,48,168,large,opt;freq;sp,inputs/water/PC4P-Me_PFPeA_s24_Cl_c1_p1
PC4P-Me_PFPeA_s24_Cl_c2_p2__water,PC4P-Me_PFPeA_s24_Cl_c2_p2,water,complex,PC4P-Me,PFPeA,,24,Cl,2,2,0,1,93,8,64,48,168,large,opt;freq;sp,inputs/water/PC4P-Me_PFPeA_s24_Cl_c2_p2
PC4P-Me_PFPeA_s24_Cl_c3_p3__water,PC4P-Me_PFPeA_s24_Cl_c3_p3,water,complex,PC4P-Me,PFPeA,,24,Cl,3,3,0,1,93,8,64,48,168,large,opt;freq;sp,inputs/water/PC4P-Me_PFPeA_s24_Cl_c3_p3
PC4P-Me_PFPeA_s24_I_c1_p1__water,PC4P-Me_PFPeA_s24_I_c1_p1,water,complex,PC4P-Me,PFPeA,,24,I,1,1,0,1,93,8,64,48,168,large,opt;freq;sp,inputs/water/PC4P-Me_PFPeA_s24_I_c1_p1
PC4P-Me_PFPeA_s24_I_c2_p2__water,PC4P-Me_PFPeA_s24_I_c2_p2,water,complex,PC4P-Me,PFPeA,,24,I,2,2,0,1,93,8,64,48,168,large,opt;freq;sp,inputs/water/PC4P-Me_PFPeA_s24_I_c2_p2
PC4P-Me_PFPeA_s24_I_c3_p3__water,PC4P-Me_PFPeA_s24_I_c3_p3,water,complex,PC4P-Me,PFPeA,,24,I,3,3,0,1,93,8,64,48,168,large,opt;freq;sp,inputs/water/PC4P-Me_PFPeA_s24_I_c3_p3
PC4P-Me_PFPeA_s7_Cl_c1_p1__water,PC4P-Me_PFPeA_s7_Cl_c1_p1,water,complex,PC4P-Me,PFPeA,,7,Cl,1,1,0,1,93,8,64,48,168,large,opt;freq;sp,inputs/water/PC4P-Me_PFPeA_s7_Cl_c1_p1
PC4P-Me_PFPeA_s7_Cl_c2_p2__water,PC4P-Me_PFPeA_s7_Cl_c2_p2,water,complex,PC4P-Me,PFPeA,,7,Cl,2,2,0,1,93,8,64,48,168,large,opt;freq;sp,inputs/water/PC4P-Me_PFPeA_s7_Cl_c2_p2
PC4P-Me_PFPeA_s7_Cl_c3_p3__water,PC4P-Me_PFPeA_s7_Cl_c3_p3,water,complex,PC4P-Me,PFPeA,,7,Cl,3,3,0,1,93,8,64,48,168,large,opt;freq;sp,inputs/water/PC4P-Me_PFPeA_s7_Cl_c3_p3
PC4P-Me_PFPeA_s7_I_c1_p1__water,PC4P-Me_PFPeA_s7_I_c1_p1,water,complex,PC4P-Me,PFPeA,,7,I,1,1,0,1,93,8,64,48,168,large,opt;freq;sp,inputs/water/PC4P-Me_PFPeA_s7_I_c1_p1
PC4P-Me_PFPeA_s7_I_c2_p2__water,PC4P-Me_PFPeA_s7_I_c2_p2,water,complex,PC4P-Me,PFPeA,,7,I,2,2,0,1,93,8,64,48,168,large,opt;freq;sp,inputs/water/PC4P-Me_PFPeA_s7_I_c2_p2
PC4P-Me_PFPeA_s7_I_c3_p3__water,PC4P-Me_PFPeA_s7_I_c3_p3,water,complex,PC4P-Me,PFPeA,,7,I,3,3,0,1,93,8,64,48,168,large,opt;freq;sp,inputs/water/PC4P-Me_PFPeA_s7_I_c3_p3
PCy3_PFPeA_s6_c1_p1__water,PCy3_PFPeA_s6_c1_p1,water,complex,PCy3,PFPeA,,6,,1,1,0,1,82,8,64,48,168,large,opt;freq;sp,inputs/water/PCy3_PFPeA_s6_c1_p1
PCy3_PFPeA_s6_c2_p2__water,PCy3_PFPeA_s6_c2_p2,water,complex,PCy3,PFPeA,,6,,2,2,0,1,82,8,64,48,168,large,opt;freq;sp,inputs/water/PCy3_PFPeA_s6_c2_p2
PCy3_PFPeA_s6_c3_p3__water,PCy3_PFPeA_s6_c3_p3,water,complex,PCy3,PFPeA,,6,,3,3,0,1,82,8,64,48,168,large,opt;freq;sp,inputs/water/PCy3_PFPeA_s6_c3_p3
A400_PFHpA_s1_c1_p1__water,A400_PFHpA_s1_c1_p1,water,complex,A400,PFHpA,,1,,1,1,0,1,49,8,40,30,48,small,opt;freq;sp,inputs/water/A400_PFHpA_s1_c1_p1
A400_PFHpA_s1_c2_p2__water,A400_PFHpA_s1_c2_p2,water,complex,A400,PFHpA,,1,,2,2,0,1,49,8,40,30,48,small,opt;freq;sp,inputs/water/A400_PFHpA_s1_c2_p2
A400_PFHpA_s1_c3_p3__water,A400_PFHpA_s1_c3_p3,water,complex,A400,PFHpA,,1,,3,3,0,1,49,8,40,30,48,small,opt;freq;sp,inputs/water/A400_PFHpA_s1_c3_p3
PPh3_PFHpA_s6_c1_p1__water,PPh3_PFHpA_s6_c1_p1,water,complex,PPh3,PFHpA,,6,,1,1,0,1,70,8,64,48,168,large,opt;freq;sp,inputs/water/PPh3_PFHpA_s6_c1_p1
PPh3_PFHpA_s6_c2_p2__water,PPh3_PFHpA_s6_c2_p2,water,complex,PPh3,PFHpA,,6,,2,2,0,1,70,8,64,48,168,large,opt;freq;sp,inputs/water/PPh3_PFHpA_s6_c2_p2
PPh3_PFHpA_s6_c3_p3__water,PPh3_PFHpA_s6_c3_p3,water,complex,PPh3,PFHpA,,6,,3,3,0,1,70,8,64,48,168,large,opt;freq;sp,inputs/water/PPh3_PFHpA_s6_c3_p3
PC4P_PFHpA_s7_c1_p1__water,PC4P_PFHpA_s7_c1_p1,water,complex,PC4P,PFHpA,,7,,1,1,0,1,94,8,64,48,168,large,opt;freq;sp,inputs/water/PC4P_PFHpA_s7_c1_p1
PC4P_PFHpA_s7_c2_p2__water,PC4P_PFHpA_s7_c2_p2,water,complex,PC4P,PFHpA,,7,,2,2,0,1,94,8,64,48,168,large,opt;freq;sp,inputs/water/PC4P_PFHpA_s7_c2_p2
PC4P_PFHpA_s7_c3_p3__water,PC4P_PFHpA_s7_c3_p3,water,complex,PC4P,PFHpA,,7,,3,3,0,1,94,8,64,48,168,large,opt;freq;sp,inputs/water/PC4P_PFHpA_s7_c3_p3
PC4P-Me_PFHpA_s24_Cl_c1_p1__water,PC4P-Me_PFHpA_s24_Cl_c1_p1,water,complex,PC4P-Me,PFHpA,,24,Cl,1,1,0,1,99,8,64,48,168,large,opt;freq;sp,inputs/water/PC4P-Me_PFHpA_s24_Cl_c1_p1
PC4P-Me_PFHpA_s24_Cl_c2_p2__water,PC4P-Me_PFHpA_s24_Cl_c2_p2,water,complex,PC4P-Me,PFHpA,,24,Cl,2,2,0,1,99,8,64,48,168,large,opt;freq;sp,inputs/water/PC4P-Me_PFHpA_s24_Cl_c2_p2
PC4P-Me_PFHpA_s24_Cl_c3_p3__water,PC4P-Me_PFHpA_s24_Cl_c3_p3,water,complex,PC4P-Me,PFHpA,,24,Cl,3,3,0,1,99,8,64,48,168,large,opt;freq;sp,inputs/water/PC4P-Me_PFHpA_s24_Cl_c3_p3
PC4P-Me_PFHpA_s24_I_c1_p1__water,PC4P-Me_PFHpA_s24_I_c1_p1,water,complex,PC4P-Me,PFHpA,,24,I,1,1,0,1,99,8,64,48,168,large,opt;freq;sp,inputs/water/PC4P-Me_PFHpA_s24_I_c1_p1
PC4P-Me_PFHpA_s24_I_c2_p2__water,PC4P-Me_PFHpA_s24_I_c2_p2,water,complex,PC4P-Me,PFHpA,,24,I,2,2,0,1,99,8,64,48,168,large,opt;freq;sp,inputs/water/PC4P-Me_PFHpA_s24_I_c2_p2
PC4P-Me_PFHpA_s24_I_c3_p3__water,PC4P-Me_PFHpA_s24_I_c3_p3,water,complex,PC4P-Me,PFHpA,,24,I,3,3,0,1,99,8,64,48,168,large,opt;freq;sp,inputs/water/PC4P-Me_PFHpA_s24_I_c3_p3
PC4P-Me_PFHpA_s7_Cl_c1_p1__water,PC4P-Me_PFHpA_s7_Cl_c1_p1,water,complex,PC4P-Me,PFHpA,,7,Cl,1,1,0,1,99,8,64,48,168,large,opt;freq;sp,inputs/water/PC4P-Me_PFHpA_s7_Cl_c1_p1
PC4P-Me_PFHpA_s7_Cl_c2_p2__water,PC4P-Me_PFHpA_s7_Cl_c2_p2,water,complex,PC4P-Me,PFHpA,,7,Cl,2,2,0,1,99,8,64,48,168,large,opt;freq;sp,inputs/water/PC4P-Me_PFHpA_s7_Cl_c2_p2
PC4P-Me_PFHpA_s7_Cl_c3_p3__water,PC4P-Me_PFHpA_s7_Cl_c3_p3,water,complex,PC4P-Me,PFHpA,,7,Cl,3,3,0,1,99,8,64,48,168,large,opt;freq;sp,inputs/water/PC4P-Me_PFHpA_s7_Cl_c3_p3
PC4P-Me_PFHpA_s7_I_c1_p1__water,PC4P-Me_PFHpA_s7_I_c1_p1,water,complex,PC4P-Me,PFHpA,,7,I,1,1,0,1,99,8,64,48,168,large,opt;freq;sp,inputs/water/PC4P-Me_PFHpA_s7_I_c1_p1
PC4P-Me_PFHpA_s7_I_c2_p2__water,PC4P-Me_PFHpA_s7_I_c2_p2,water,complex,PC4P-Me,PFHpA,,7,I,2,2,0,1,99,8,64,48,168,large,opt;freq;sp,inputs/water/PC4P-Me_PFHpA_s7_I_c2_p2
PC4P-Me_PFHpA_s7_I_c3_p3__water,PC4P-Me_PFHpA_s7_I_c3_p3,water,complex,PC4P-Me,PFHpA,,7,I,3,3,0,1,99,8,64,48,168,large,opt;freq;sp,inputs/water/PC4P-Me_PFHpA_s7_I_c3_p3
PCy3_PFHpA_s6_c1_p1__water,PCy3_PFHpA_s6_c1_p1,water,complex,PCy3,PFHpA,,6,,1,1,0,1,88,8,64,48,168,large,opt;freq;sp,inputs/water/PCy3_PFHpA_s6_c1_p1
PCy3_PFHpA_s6_c2_p2__water,PCy3_PFHpA_s6_c2_p2,water,complex,PCy3,PFHpA,,6,,2,2,0,1,88,8,64,48,168,large,opt;freq;sp,inputs/water/PCy3_PFHpA_s6_c2_p2
PCy3_PFHpA_s6_c3_p3__water,PCy3_PFHpA_s6_c3_p3,water,complex,PCy3,PFHpA,,6,,3,3,0,1,88,8,64,48,168,large,opt;freq;sp,inputs/water/PCy3_PFHpA_s6_c3_p3
ion_Cl__unsolvated,ion_Cl,unsolvated,ion,,,Cl,,,,,-1,1,1,2,4,2,2,ions,sp,inputs/unsolvated/ion_Cl
ion_F__unsolvated,ion_F,unsolvated,ion,,,F,,,,,-1,1,1,2,4,2,2,ions,sp,inputs/unsolvated/ion_F
ion_I__unsolvated,ion_I,unsolvated,ion,,,I,,,,,-1,1,1,2,4,2,2,ions,sp,inputs/unsolvated/ion_I
A400_Cl_c1_p1__unsolvated,A400_Cl_c1_p1,unsolvated,counterion,A400,,Cl,,,1,1,0,1,28,8,40,30,48,small,opt;freq;sp,inputs/unsolvated/A400_Cl_c1_p1
A400_Cl_c2_p2__unsolvated,A400_Cl_c2_p2,unsolvated,counterion,A400,,Cl,,,2,2,0,1,28,8,40,30,48,small,opt;freq;sp,inputs/unsolvated/A400_Cl_c2_p2
A400_F_c1_p1__unsolvated,A400_F_c1_p1,unsolvated,counterion,A400,,F,,,1,1,0,1,28,8,40,30,48,small,opt;freq;sp,inputs/unsolvated/A400_F_c1_p1
A400_F_c2_p2__unsolvated,A400_F_c2_p2,unsolvated,counterion,A400,,F,,,2,2,0,1,28,8,40,30,48,small,opt;freq;sp,inputs/unsolvated/A400_F_c2_p2
PPh3_Cl_c1_p1__unsolvated,PPh3_Cl_c1_p1,unsolvated,counterion,PPh3,,Cl,,,1,1,0,1,49,8,64,48,168,large,opt;freq;sp,inputs/unsolvated/PPh3_Cl_c1_p1
PPh3_Cl_c2_p2__unsolvated,PPh3_Cl_c2_p2,unsolvated,counterion,PPh3,,Cl,,,2,2,0,1,49,8,64,48,168,large,opt;freq;sp,inputs/unsolvated/PPh3_Cl_c2_p2
PC4P_Cl_c1_p1__unsolvated,PC4P_Cl_c1_p1,unsolvated,counterion,PC4P,,Cl,,,1,1,0,1,73,8,64,48,168,large,opt;freq;sp,inputs/unsolvated/PC4P_Cl_c1_p1
PC4P_Cl_c2_p2__unsolvated,PC4P_Cl_c2_p2,unsolvated,counterion,PC4P,,Cl,,,2,2,0,1,73,8,64,48,168,large,opt;freq;sp,inputs/unsolvated/PC4P_Cl_c2_p2
PC4P-Me_ClCl_c1_p1__unsolvated,PC4P-Me_ClCl_c1_p1,unsolvated,counterion,PC4P-Me,,ClCl,,,1,1,0,1,78,8,64,48,168,large,opt;freq;sp,inputs/unsolvated/PC4P-Me_ClCl_c1_p1
PC4P-Me_ClCl_c2_p2__unsolvated,PC4P-Me_ClCl_c2_p2,unsolvated,counterion,PC4P-Me,,ClCl,,,2,2,0,1,78,8,64,48,168,large,opt;freq;sp,inputs/unsolvated/PC4P-Me_ClCl_c2_p2
PC4P-Me_ClI_c1_p1__unsolvated,PC4P-Me_ClI_c1_p1,unsolvated,counterion,PC4P-Me,,ClI,,,1,1,0,1,78,8,64,48,168,large,opt;freq;sp,inputs/unsolvated/PC4P-Me_ClI_c1_p1
PC4P-Me_ClI_c2_p2__unsolvated,PC4P-Me_ClI_c2_p2,unsolvated,counterion,PC4P-Me,,ClI,,,2,2,0,1,78,8,64,48,168,large,opt;freq;sp,inputs/unsolvated/PC4P-Me_ClI_c2_p2
PC4P-Me_II_c1_p1__unsolvated,PC4P-Me_II_c1_p1,unsolvated,counterion,PC4P-Me,,II,,,1,1,0,1,78,8,64,48,168,large,opt;freq;sp,inputs/unsolvated/PC4P-Me_II_c1_p1
PC4P-Me_II_c2_p2__unsolvated,PC4P-Me_II_c2_p2,unsolvated,counterion,PC4P-Me,,II,,,2,2,0,1,78,8,64,48,168,large,opt;freq;sp,inputs/unsolvated/PC4P-Me_II_c2_p2
PCy3_Cl_c1_p1__unsolvated,PCy3_Cl_c1_p1,unsolvated,counterion,PCy3,,Cl,,,1,1,0,1,67,8,64,48,168,large,opt;freq;sp,inputs/unsolvated/PCy3_Cl_c1_p1
PCy3_Cl_c2_p2__unsolvated,PCy3_Cl_c2_p2,unsolvated,counterion,PCy3,,Cl,,,2,2,0,1,67,8,64,48,168,large,opt;freq;sp,inputs/unsolvated/PCy3_Cl_c2_p2
free_PFBA_c1__unsolvated,free_PFBA_c1,unsolvated,free,,PFBA,,,,1,,-1,1,13,8,40,30,48,small,opt;freq;sp,inputs/unsolvated/free_PFBA_c1
free_PFBA_c2__unsolvated,free_PFBA_c2,unsolvated,free,,PFBA,,,,2,,-1,1,13,8,40,30,48,small,opt;freq;sp,inputs/unsolvated/free_PFBA_c2
free_PFOA_c1__unsolvated,free_PFOA_c1,unsolvated,free,,PFOA,,,,1,,-1,1,25,8,40,30,48,small,opt;freq;sp,inputs/unsolvated/free_PFOA_c1
free_PFOA_c2__unsolvated,free_PFOA_c2,unsolvated,free,,PFOA,,,,2,,-1,1,25,8,40,30,48,small,opt;freq;sp,inputs/unsolvated/free_PFOA_c2
free_PFNA_c1__unsolvated,free_PFNA_c1,unsolvated,free,,PFNA,,,,1,,-1,1,28,8,40,30,48,small,opt;freq;sp,inputs/unsolvated/free_PFNA_c1
free_PFNA_c2__unsolvated,free_PFNA_c2,unsolvated,free,,PFNA,,,,2,,-1,1,28,8,40,30,48,small,opt;freq;sp,inputs/unsolvated/free_PFNA_c2
free_PFOS_c1__unsolvated,free_PFOS_c1,unsolvated,free,,PFOS,,,,1,,-1,1,29,8,40,30,48,small,opt;freq;sp,inputs/unsolvated/free_PFOS_c1
free_PFOS_c2__unsolvated,free_PFOS_c2,unsolvated,free,,PFOS,,,,2,,-1,1,29,8,40,30,48,small,opt;freq;sp,inputs/unsolvated/free_PFOS_c2
free_PFPeA_c1__unsolvated,free_PFPeA_c1,unsolvated,free,,PFPeA,,,,1,,-1,1,16,8,40,30,48,small,opt;freq;sp,inputs/unsolvated/free_PFPeA_c1
free_PFPeA_c2__unsolvated,free_PFPeA_c2,unsolvated,free,,PFPeA,,,,2,,-1,1,16,8,40,30,48,small,opt;freq;sp,inputs/unsolvated/free_PFPeA_c2
free_PFHpA_c1__unsolvated,free_PFHpA_c1,unsolvated,free,,PFHpA,,,,1,,-1,1,22,8,40,30,48,small,opt;freq;sp,inputs/unsolvated/free_PFHpA_c1
free_PFHpA_c2__unsolvated,free_PFHpA_c2,unsolvated,free,,PFHpA,,,,2,,-1,1,22,8,40,30,48,small,opt;freq;sp,inputs/unsolvated/free_PFHpA_c2
A400_PFBA_s1_c1_p1__unsolvated,A400_PFBA_s1_c1_p1,unsolvated,complex,A400,PFBA,,1,,1,1,0,1,40,8,40,30,48,small,opt;freq;sp,inputs/unsolvated/A400_PFBA_s1_c1_p1
A400_PFBA_s1_c2_p2__unsolvated,A400_PFBA_s1_c2_p2,unsolvated,complex,A400,PFBA,,1,,2,2,0,1,40,8,40,30,48,small,opt;freq;sp,inputs/unsolvated/A400_PFBA_s1_c2_p2
A400_PFBA_s1_c3_p3__unsolvated,A400_PFBA_s1_c3_p3,unsolvated,complex,A400,PFBA,,1,,3,3,0,1,40,8,40,30,48,small,opt;freq;sp,inputs/unsolvated/A400_PFBA_s1_c3_p3
PPh3_PFBA_s6_c1_p1__unsolvated,PPh3_PFBA_s6_c1_p1,unsolvated,complex,PPh3,PFBA,,6,,1,1,0,1,61,8,64,48,168,large,opt;freq;sp,inputs/unsolvated/PPh3_PFBA_s6_c1_p1
PPh3_PFBA_s6_c2_p2__unsolvated,PPh3_PFBA_s6_c2_p2,unsolvated,complex,PPh3,PFBA,,6,,2,2,0,1,61,8,64,48,168,large,opt;freq;sp,inputs/unsolvated/PPh3_PFBA_s6_c2_p2
PPh3_PFBA_s6_c3_p3__unsolvated,PPh3_PFBA_s6_c3_p3,unsolvated,complex,PPh3,PFBA,,6,,3,3,0,1,61,8,64,48,168,large,opt;freq;sp,inputs/unsolvated/PPh3_PFBA_s6_c3_p3
PC4P_PFBA_s7_c1_p1__unsolvated,PC4P_PFBA_s7_c1_p1,unsolvated,complex,PC4P,PFBA,,7,,1,1,0,1,85,8,64,48,168,large,opt;freq;sp,inputs/unsolvated/PC4P_PFBA_s7_c1_p1
PC4P_PFBA_s7_c2_p2__unsolvated,PC4P_PFBA_s7_c2_p2,unsolvated,complex,PC4P,PFBA,,7,,2,2,0,1,85,8,64,48,168,large,opt;freq;sp,inputs/unsolvated/PC4P_PFBA_s7_c2_p2
PC4P_PFBA_s7_c3_p3__unsolvated,PC4P_PFBA_s7_c3_p3,unsolvated,complex,PC4P,PFBA,,7,,3,3,0,1,85,8,64,48,168,large,opt;freq;sp,inputs/unsolvated/PC4P_PFBA_s7_c3_p3
PC4P-Me_PFBA_s24_Cl_c1_p1__unsolvated,PC4P-Me_PFBA_s24_Cl_c1_p1,unsolvated,complex,PC4P-Me,PFBA,,24,Cl,1,1,0,1,90,8,64,48,168,large,opt;freq;sp,inputs/unsolvated/PC4P-Me_PFBA_s24_Cl_c1_p1
PC4P-Me_PFBA_s24_Cl_c2_p2__unsolvated,PC4P-Me_PFBA_s24_Cl_c2_p2,unsolvated,complex,PC4P-Me,PFBA,,24,Cl,2,2,0,1,90,8,64,48,168,large,opt;freq;sp,inputs/unsolvated/PC4P-Me_PFBA_s24_Cl_c2_p2
PC4P-Me_PFBA_s24_Cl_c3_p3__unsolvated,PC4P-Me_PFBA_s24_Cl_c3_p3,unsolvated,complex,PC4P-Me,PFBA,,24,Cl,3,3,0,1,90,8,64,48,168,large,opt;freq;sp,inputs/unsolvated/PC4P-Me_PFBA_s24_Cl_c3_p3
PC4P-Me_PFBA_s24_I_c1_p1__unsolvated,PC4P-Me_PFBA_s24_I_c1_p1,unsolvated,complex,PC4P-Me,PFBA,,24,I,1,1,0,1,90,8,64,48,168,large,opt;freq;sp,inputs/unsolvated/PC4P-Me_PFBA_s24_I_c1_p1
PC4P-Me_PFBA_s24_I_c2_p2__unsolvated,PC4P-Me_PFBA_s24_I_c2_p2,unsolvated,complex,PC4P-Me,PFBA,,24,I,2,2,0,1,90,8,64,48,168,large,opt;freq;sp,inputs/unsolvated/PC4P-Me_PFBA_s24_I_c2_p2
PC4P-Me_PFBA_s24_I_c3_p3__unsolvated,PC4P-Me_PFBA_s24_I_c3_p3,unsolvated,complex,PC4P-Me,PFBA,,24,I,3,3,0,1,90,8,64,48,168,large,opt;freq;sp,inputs/unsolvated/PC4P-Me_PFBA_s24_I_c3_p3
PC4P-Me_PFBA_s7_Cl_c1_p1__unsolvated,PC4P-Me_PFBA_s7_Cl_c1_p1,unsolvated,complex,PC4P-Me,PFBA,,7,Cl,1,1,0,1,90,8,64,48,168,large,opt;freq;sp,inputs/unsolvated/PC4P-Me_PFBA_s7_Cl_c1_p1
PC4P-Me_PFBA_s7_Cl_c2_p2__unsolvated,PC4P-Me_PFBA_s7_Cl_c2_p2,unsolvated,complex,PC4P-Me,PFBA,,7,Cl,2,2,0,1,90,8,64,48,168,large,opt;freq;sp,inputs/unsolvated/PC4P-Me_PFBA_s7_Cl_c2_p2
PC4P-Me_PFBA_s7_Cl_c3_p3__unsolvated,PC4P-Me_PFBA_s7_Cl_c3_p3,unsolvated,complex,PC4P-Me,PFBA,,7,Cl,3,3,0,1,90,8,64,48,168,large,opt;freq;sp,inputs/unsolvated/PC4P-Me_PFBA_s7_Cl_c3_p3
PC4P-Me_PFBA_s7_I_c1_p1__unsolvated,PC4P-Me_PFBA_s7_I_c1_p1,unsolvated,complex,PC4P-Me,PFBA,,7,I,1,1,0,1,90,8,64,48,168,large,opt;freq;sp,inputs/unsolvated/PC4P-Me_PFBA_s7_I_c1_p1
PC4P-Me_PFBA_s7_I_c2_p2__unsolvated,PC4P-Me_PFBA_s7_I_c2_p2,unsolvated,complex,PC4P-Me,PFBA,,7,I,2,2,0,1,90,8,64,48,168,large,opt;freq;sp,inputs/unsolvated/PC4P-Me_PFBA_s7_I_c2_p2
PC4P-Me_PFBA_s7_I_c3_p3__unsolvated,PC4P-Me_PFBA_s7_I_c3_p3,unsolvated,complex,PC4P-Me,PFBA,,7,I,3,3,0,1,90,8,64,48,168,large,opt;freq;sp,inputs/unsolvated/PC4P-Me_PFBA_s7_I_c3_p3
PCy3_PFBA_s6_c1_p1__unsolvated,PCy3_PFBA_s6_c1_p1,unsolvated,complex,PCy3,PFBA,,6,,1,1,0,1,79,8,64,48,168,large,opt;freq;sp,inputs/unsolvated/PCy3_PFBA_s6_c1_p1
PCy3_PFBA_s6_c2_p2__unsolvated,PCy3_PFBA_s6_c2_p2,unsolvated,complex,PCy3,PFBA,,6,,2,2,0,1,79,8,64,48,168,large,opt;freq;sp,inputs/unsolvated/PCy3_PFBA_s6_c2_p2
PCy3_PFBA_s6_c3_p3__unsolvated,PCy3_PFBA_s6_c3_p3,unsolvated,complex,PCy3,PFBA,,6,,3,3,0,1,79,8,64,48,168,large,opt;freq;sp,inputs/unsolvated/PCy3_PFBA_s6_c3_p3
A400_PFOA_s1_c1_p1__unsolvated,A400_PFOA_s1_c1_p1,unsolvated,complex,A400,PFOA,,1,,1,1,0,1,52,8,40,30,48,small,opt;freq;sp,inputs/unsolvated/A400_PFOA_s1_c1_p1
A400_PFOA_s1_c2_p2__unsolvated,A400_PFOA_s1_c2_p2,unsolvated,complex,A400,PFOA,,1,,2,2,0,1,52,8,40,30,48,small,opt;freq;sp,inputs/unsolvated/A400_PFOA_s1_c2_p2
A400_PFOA_s1_c3_p3__unsolvated,A400_PFOA_s1_c3_p3,unsolvated,complex,A400,PFOA,,1,,3,3,0,1,52,8,40,30,48,small,opt;freq;sp,inputs/unsolvated/A400_PFOA_s1_c3_p3
PPh3_PFOA_s6_c1_p1__unsolvated,PPh3_PFOA_s6_c1_p1,unsolvated,complex,PPh3,PFOA,,6,,1,1,0,1,73,8,64,48,168,large,opt;freq;sp,inputs/unsolvated/PPh3_PFOA_s6_c1_p1
PPh3_PFOA_s6_c2_p2__unsolvated,PPh3_PFOA_s6_c2_p2,unsolvated,complex,PPh3,PFOA,,6,,2,2,0,1,73,8,64,48,168,large,opt;freq;sp,inputs/unsolvated/PPh3_PFOA_s6_c2_p2
PPh3_PFOA_s6_c3_p3__unsolvated,PPh3_PFOA_s6_c3_p3,unsolvated,complex,PPh3,PFOA,,6,,3,3,0,1,73,8,64,48,168,large,opt;freq;sp,inputs/unsolvated/PPh3_PFOA_s6_c3_p3
PC4P_PFOA_s7_c1_p1__unsolvated,PC4P_PFOA_s7_c1_p1,unsolvated,complex,PC4P,PFOA,,7,,1,1,0,1,97,8,64,48,168,large,opt;freq;sp,inputs/unsolvated/PC4P_PFOA_s7_c1_p1
PC4P_PFOA_s7_c2_p2__unsolvated,PC4P_PFOA_s7_c2_p2,unsolvated,complex,PC4P,PFOA,,7,,2,2,0,1,97,8,64,48,168,large,opt;freq;sp,inputs/unsolvated/PC4P_PFOA_s7_c2_p2
PC4P_PFOA_s7_c3_p3__unsolvated,PC4P_PFOA_s7_c3_p3,unsolvated,complex,PC4P,PFOA,,7,,3,3,0,1,97,8,64,48,168,large,opt;freq;sp,inputs/unsolvated/PC4P_PFOA_s7_c3_p3
PC4P-Me_PFOA_s24_Cl_c1_p1__unsolvated,PC4P-Me_PFOA_s24_Cl_c1_p1,unsolvated,complex,PC4P-Me,PFOA,,24,Cl,1,1,0,1,102,8,64,48,168,large,opt;freq;sp,inputs/unsolvated/PC4P-Me_PFOA_s24_Cl_c1_p1
PC4P-Me_PFOA_s24_Cl_c2_p2__unsolvated,PC4P-Me_PFOA_s24_Cl_c2_p2,unsolvated,complex,PC4P-Me,PFOA,,24,Cl,2,2,0,1,102,8,64,48,168,large,opt;freq;sp,inputs/unsolvated/PC4P-Me_PFOA_s24_Cl_c2_p2
PC4P-Me_PFOA_s24_Cl_c3_p3__unsolvated,PC4P-Me_PFOA_s24_Cl_c3_p3,unsolvated,complex,PC4P-Me,PFOA,,24,Cl,3,3,0,1,102,8,64,48,168,large,opt;freq;sp,inputs/unsolvated/PC4P-Me_PFOA_s24_Cl_c3_p3
PC4P-Me_PFOA_s24_I_c1_p1__unsolvated,PC4P-Me_PFOA_s24_I_c1_p1,unsolvated,complex,PC4P-Me,PFOA,,24,I,1,1,0,1,102,8,64,48,168,large,opt;freq;sp,inputs/unsolvated/PC4P-Me_PFOA_s24_I_c1_p1
PC4P-Me_PFOA_s24_I_c2_p2__unsolvated,PC4P-Me_PFOA_s24_I_c2_p2,unsolvated,complex,PC4P-Me,PFOA,,24,I,2,2,0,1,102,8,64,48,168,large,opt;freq;sp,inputs/unsolvated/PC4P-Me_PFOA_s24_I_c2_p2
PC4P-Me_PFOA_s24_I_c3_p3__unsolvated,PC4P-Me_PFOA_s24_I_c3_p3,unsolvated,complex,PC4P-Me,PFOA,,24,I,3,3,0,1,102,8,64,48,168,large,opt;freq;sp,inputs/unsolvated/PC4P-Me_PFOA_s24_I_c3_p3
PC4P-Me_PFOA_s7_Cl_c1_p1__unsolvated,PC4P-Me_PFOA_s7_Cl_c1_p1,unsolvated,complex,PC4P-Me,PFOA,,7,Cl,1,1,0,1,102,8,64,48,168,large,opt;freq;sp,inputs/unsolvated/PC4P-Me_PFOA_s7_Cl_c1_p1
PC4P-Me_PFOA_s7_Cl_c2_p2__unsolvated,PC4P-Me_PFOA_s7_Cl_c2_p2,unsolvated,complex,PC4P-Me,PFOA,,7,Cl,2,2,0,1,102,8,64,48,168,large,opt;freq;sp,inputs/unsolvated/PC4P-Me_PFOA_s7_Cl_c2_p2
PC4P-Me_PFOA_s7_Cl_c3_p3__unsolvated,PC4P-Me_PFOA_s7_Cl_c3_p3,unsolvated,complex,PC4P-Me,PFOA,,7,Cl,3,3,0,1,102,8,64,48,168,large,opt;freq;sp,inputs/unsolvated/PC4P-Me_PFOA_s7_Cl_c3_p3
PC4P-Me_PFOA_s7_I_c1_p1__unsolvated,PC4P-Me_PFOA_s7_I_c1_p1,unsolvated,complex,PC4P-Me,PFOA,,7,I,1,1,0,1,102,8,64,48,168,large,opt;freq;sp,inputs/unsolvated/PC4P-Me_PFOA_s7_I_c1_p1
PC4P-Me_PFOA_s7_I_c2_p2__unsolvated,PC4P-Me_PFOA_s7_I_c2_p2,unsolvated,complex,PC4P-Me,PFOA,,7,I,2,2,0,1,102,8,64,48,168,large,opt;freq;sp,inputs/unsolvated/PC4P-Me_PFOA_s7_I_c2_p2
PC4P-Me_PFOA_s7_I_c3_p3__unsolvated,PC4P-Me_PFOA_s7_I_c3_p3,unsolvated,complex,PC4P-Me,PFOA,,7,I,3,3,0,1,102,8,64,48,168,large,opt;freq;sp,inputs/unsolvated/PC4P-Me_PFOA_s7_I_c3_p3
PCy3_PFOA_s6_c1_p1__unsolvated,PCy3_PFOA_s6_c1_p1,unsolvated,complex,PCy3,PFOA,,6,,1,1,0,1,91,8,64,48,168,large,opt;freq;sp,inputs/unsolvated/PCy3_PFOA_s6_c1_p1
PCy3_PFOA_s6_c2_p2__unsolvated,PCy3_PFOA_s6_c2_p2,unsolvated,complex,PCy3,PFOA,,6,,2,2,0,1,91,8,64,48,168,large,opt;freq;sp,inputs/unsolvated/PCy3_PFOA_s6_c2_p2
PCy3_PFOA_s6_c3_p3__unsolvated,PCy3_PFOA_s6_c3_p3,unsolvated,complex,PCy3,PFOA,,6,,3,3,0,1,91,8,64,48,168,large,opt;freq;sp,inputs/unsolvated/PCy3_PFOA_s6_c3_p3
A400_PFNA_s1_c1_p1__unsolvated,A400_PFNA_s1_c1_p1,unsolvated,complex,A400,PFNA,,1,,1,1,0,1,55,8,40,30,48,small,opt;freq;sp,inputs/unsolvated/A400_PFNA_s1_c1_p1
A400_PFNA_s1_c2_p2__unsolvated,A400_PFNA_s1_c2_p2,unsolvated,complex,A400,PFNA,,1,,2,2,0,1,55,8,40,30,48,small,opt;freq;sp,inputs/unsolvated/A400_PFNA_s1_c2_p2
A400_PFNA_s1_c3_p3__unsolvated,A400_PFNA_s1_c3_p3,unsolvated,complex,A400,PFNA,,1,,3,3,0,1,55,8,40,30,48,small,opt;freq;sp,inputs/unsolvated/A400_PFNA_s1_c3_p3
PPh3_PFNA_s6_c1_p1__unsolvated,PPh3_PFNA_s6_c1_p1,unsolvated,complex,PPh3,PFNA,,6,,1,1,0,1,76,8,64,48,168,large,opt;freq;sp,inputs/unsolvated/PPh3_PFNA_s6_c1_p1
PPh3_PFNA_s6_c2_p2__unsolvated,PPh3_PFNA_s6_c2_p2,unsolvated,complex,PPh3,PFNA,,6,,2,2,0,1,76,8,64,48,168,large,opt;freq;sp,inputs/unsolvated/PPh3_PFNA_s6_c2_p2
PPh3_PFNA_s6_c3_p3__unsolvated,PPh3_PFNA_s6_c3_p3,unsolvated,complex,PPh3,PFNA,,6,,3,3,0,1,76,8,64,48,168,large,opt;freq;sp,inputs/unsolvated/PPh3_PFNA_s6_c3_p3
PC4P_PFNA_s7_c1_p1__unsolvated,PC4P_PFNA_s7_c1_p1,unsolvated,complex,PC4P,PFNA,,7,,1,1,0,1,100,8,64,48,168,large,opt;freq;sp,inputs/unsolvated/PC4P_PFNA_s7_c1_p1
PC4P_PFNA_s7_c2_p2__unsolvated,PC4P_PFNA_s7_c2_p2,unsolvated,complex,PC4P,PFNA,,7,,2,2,0,1,100,8,64,48,168,large,opt;freq;sp,inputs/unsolvated/PC4P_PFNA_s7_c2_p2
PC4P_PFNA_s7_c3_p3__unsolvated,PC4P_PFNA_s7_c3_p3,unsolvated,complex,PC4P,PFNA,,7,,3,3,0,1,100,8,64,48,168,large,opt;freq;sp,inputs/unsolvated/PC4P_PFNA_s7_c3_p3
PC4P-Me_PFNA_s24_Cl_c1_p1__unsolvated,PC4P-Me_PFNA_s24_Cl_c1_p1,unsolvated,complex,PC4P-Me,PFNA,,24,Cl,1,1,0,1,105,8,64,48,168,large,opt;freq;sp,inputs/unsolvated/PC4P-Me_PFNA_s24_Cl_c1_p1
PC4P-Me_PFNA_s24_Cl_c2_p2__unsolvated,PC4P-Me_PFNA_s24_Cl_c2_p2,unsolvated,complex,PC4P-Me,PFNA,,24,Cl,2,2,0,1,105,8,64,48,168,large,opt;freq;sp,inputs/unsolvated/PC4P-Me_PFNA_s24_Cl_c2_p2
PC4P-Me_PFNA_s24_Cl_c3_p3__unsolvated,PC4P-Me_PFNA_s24_Cl_c3_p3,unsolvated,complex,PC4P-Me,PFNA,,24,Cl,3,3,0,1,105,8,64,48,168,large,opt;freq;sp,inputs/unsolvated/PC4P-Me_PFNA_s24_Cl_c3_p3
PC4P-Me_PFNA_s24_I_c1_p1__unsolvated,PC4P-Me_PFNA_s24_I_c1_p1,unsolvated,complex,PC4P-Me,PFNA,,24,I,1,1,0,1,105,8,64,48,168,large,opt;freq;sp,inputs/unsolvated/PC4P-Me_PFNA_s24_I_c1_p1
PC4P-Me_PFNA_s24_I_c2_p2__unsolvated,PC4P-Me_PFNA_s24_I_c2_p2,unsolvated,complex,PC4P-Me,PFNA,,24,I,2,2,0,1,105,8,64,48,168,large,opt;freq;sp,inputs/unsolvated/PC4P-Me_PFNA_s24_I_c2_p2
PC4P-Me_PFNA_s24_I_c3_p3__unsolvated,PC4P-Me_PFNA_s24_I_c3_p3,unsolvated,complex,PC4P-Me,PFNA,,24,I,3,3,0,1,105,8,64,48,168,large,opt;freq;sp,inputs/unsolvated/PC4P-Me_PFNA_s24_I_c3_p3
PC4P-Me_PFNA_s7_Cl_c1_p1__unsolvated,PC4P-Me_PFNA_s7_Cl_c1_p1,unsolvated,complex,PC4P-Me,PFNA,,7,Cl,1,1,0,1,105,8,64,48,168,large,opt;freq;sp,inputs/unsolvated/PC4P-Me_PFNA_s7_Cl_c1_p1
PC4P-Me_PFNA_s7_Cl_c2_p2__unsolvated,PC4P-Me_PFNA_s7_Cl_c2_p2,unsolvated,complex,PC4P-Me,PFNA,,7,Cl,2,2,0,1,105,8,64,48,168,large,opt;freq;sp,inputs/unsolvated/PC4P-Me_PFNA_s7_Cl_c2_p2
PC4P-Me_PFNA_s7_Cl_c3_p3__unsolvated,PC4P-Me_PFNA_s7_Cl_c3_p3,unsolvated,complex,PC4P-Me,PFNA,,7,Cl,3,3,0,1,105,8,64,48,168,large,opt;freq;sp,inputs/unsolvated/PC4P-Me_PFNA_s7_Cl_c3_p3
PC4P-Me_PFNA_s7_I_c1_p1__unsolvated,PC4P-Me_PFNA_s7_I_c1_p1,unsolvated,complex,PC4P-Me,PFNA,,7,I,1,1,0,1,105,8,64,48,168,large,opt;freq;sp,inputs/unsolvated/PC4P-Me_PFNA_s7_I_c1_p1
PC4P-Me_PFNA_s7_I_c2_p2__unsolvated,PC4P-Me_PFNA_s7_I_c2_p2,unsolvated,complex,PC4P-Me,PFNA,,7,I,2,2,0,1,105,8,64,48,168,large,opt;freq;sp,inputs/unsolvated/PC4P-Me_PFNA_s7_I_c2_p2
PC4P-Me_PFNA_s7_I_c3_p3__unsolvated,PC4P-Me_PFNA_s7_I_c3_p3,unsolvated,complex,PC4P-Me,PFNA,,7,I,3,3,0,1,105,8,64,48,168,large,opt;freq;sp,inputs/unsolvated/PC4P-Me_PFNA_s7_I_c3_p3
PCy3_PFNA_s6_c1_p1__unsolvated,PCy3_PFNA_s6_c1_p1,unsolvated,complex,PCy3,PFNA,,6,,1,1,0,1,94,8,64,48,168,large,opt;freq;sp,inputs/unsolvated/PCy3_PFNA_s6_c1_p1
PCy3_PFNA_s6_c2_p2__unsolvated,PCy3_PFNA_s6_c2_p2,unsolvated,complex,PCy3,PFNA,,6,,2,2,0,1,94,8,64,48,168,large,opt;freq;sp,inputs/unsolvated/PCy3_PFNA_s6_c2_p2
PCy3_PFNA_s6_c3_p3__unsolvated,PCy3_PFNA_s6_c3_p3,unsolvated,complex,PCy3,PFNA,,6,,3,3,0,1,94,8,64,48,168,large,opt;freq;sp,inputs/unsolvated/PCy3_PFNA_s6_c3_p3
A400_PFOS_s1_c1_p1__unsolvated,A400_PFOS_s1_c1_p1,unsolvated,complex,A400,PFOS,,1,,1,1,0,1,56,8,40,30,48,small,opt;freq;sp,inputs/unsolvated/A400_PFOS_s1_c1_p1
A400_PFOS_s1_c2_p2__unsolvated,A400_PFOS_s1_c2_p2,unsolvated,complex,A400,PFOS,,1,,2,2,0,1,56,8,40,30,48,small,opt;freq;sp,inputs/unsolvated/A400_PFOS_s1_c2_p2
A400_PFOS_s1_c3_p3__unsolvated,A400_PFOS_s1_c3_p3,unsolvated,complex,A400,PFOS,,1,,3,3,0,1,56,8,40,30,48,small,opt;freq;sp,inputs/unsolvated/A400_PFOS_s1_c3_p3
PPh3_PFOS_s6_c1_p1__unsolvated,PPh3_PFOS_s6_c1_p1,unsolvated,complex,PPh3,PFOS,,6,,1,1,0,1,77,8,64,48,168,large,opt;freq;sp,inputs/unsolvated/PPh3_PFOS_s6_c1_p1
PPh3_PFOS_s6_c2_p2__unsolvated,PPh3_PFOS_s6_c2_p2,unsolvated,complex,PPh3,PFOS,,6,,2,2,0,1,77,8,64,48,168,large,opt;freq;sp,inputs/unsolvated/PPh3_PFOS_s6_c2_p2
PPh3_PFOS_s6_c3_p3__unsolvated,PPh3_PFOS_s6_c3_p3,unsolvated,complex,PPh3,PFOS,,6,,3,3,0,1,77,8,64,48,168,large,opt;freq;sp,inputs/unsolvated/PPh3_PFOS_s6_c3_p3
PC4P_PFOS_s7_c1_p1__unsolvated,PC4P_PFOS_s7_c1_p1,unsolvated,complex,PC4P,PFOS,,7,,1,1,0,1,101,8,64,48,168,large,opt;freq;sp,inputs/unsolvated/PC4P_PFOS_s7_c1_p1
PC4P_PFOS_s7_c2_p2__unsolvated,PC4P_PFOS_s7_c2_p2,unsolvated,complex,PC4P,PFOS,,7,,2,2,0,1,101,8,64,48,168,large,opt;freq;sp,inputs/unsolvated/PC4P_PFOS_s7_c2_p2
PC4P_PFOS_s7_c3_p3__unsolvated,PC4P_PFOS_s7_c3_p3,unsolvated,complex,PC4P,PFOS,,7,,3,3,0,1,101,8,64,48,168,large,opt;freq;sp,inputs/unsolvated/PC4P_PFOS_s7_c3_p3
PC4P-Me_PFOS_s24_Cl_c1_p1__unsolvated,PC4P-Me_PFOS_s24_Cl_c1_p1,unsolvated,complex,PC4P-Me,PFOS,,24,Cl,1,1,0,1,106,8,64,48,168,large,opt;freq;sp,inputs/unsolvated/PC4P-Me_PFOS_s24_Cl_c1_p1
PC4P-Me_PFOS_s24_Cl_c2_p2__unsolvated,PC4P-Me_PFOS_s24_Cl_c2_p2,unsolvated,complex,PC4P-Me,PFOS,,24,Cl,2,2,0,1,106,8,64,48,168,large,opt;freq;sp,inputs/unsolvated/PC4P-Me_PFOS_s24_Cl_c2_p2
PC4P-Me_PFOS_s24_Cl_c3_p3__unsolvated,PC4P-Me_PFOS_s24_Cl_c3_p3,unsolvated,complex,PC4P-Me,PFOS,,24,Cl,3,3,0,1,106,8,64,48,168,large,opt;freq;sp,inputs/unsolvated/PC4P-Me_PFOS_s24_Cl_c3_p3
PC4P-Me_PFOS_s24_I_c1_p1__unsolvated,PC4P-Me_PFOS_s24_I_c1_p1,unsolvated,complex,PC4P-Me,PFOS,,24,I,1,1,0,1,106,8,64,48,168,large,opt;freq;sp,inputs/unsolvated/PC4P-Me_PFOS_s24_I_c1_p1
PC4P-Me_PFOS_s24_I_c2_p2__unsolvated,PC4P-Me_PFOS_s24_I_c2_p2,unsolvated,complex,PC4P-Me,PFOS,,24,I,2,2,0,1,106,8,64,48,168,large,opt;freq;sp,inputs/unsolvated/PC4P-Me_PFOS_s24_I_c2_p2
PC4P-Me_PFOS_s24_I_c3_p3__unsolvated,PC4P-Me_PFOS_s24_I_c3_p3,unsolvated,complex,PC4P-Me,PFOS,,24,I,3,3,0,1,106,8,64,48,168,large,opt;freq;sp,inputs/unsolvated/PC4P-Me_PFOS_s24_I_c3_p3
PC4P-Me_PFOS_s7_Cl_c1_p1__unsolvated,PC4P-Me_PFOS_s7_Cl_c1_p1,unsolvated,complex,PC4P-Me,PFOS,,7,Cl,1,1,0,1,106,8,64,48,168,large,opt;freq;sp,inputs/unsolvated/PC4P-Me_PFOS_s7_Cl_c1_p1
PC4P-Me_PFOS_s7_Cl_c2_p2__unsolvated,PC4P-Me_PFOS_s7_Cl_c2_p2,unsolvated,complex,PC4P-Me,PFOS,,7,Cl,2,2,0,1,106,8,64,48,168,large,opt;freq;sp,inputs/unsolvated/PC4P-Me_PFOS_s7_Cl_c2_p2
PC4P-Me_PFOS_s7_Cl_c3_p3__unsolvated,PC4P-Me_PFOS_s7_Cl_c3_p3,unsolvated,complex,PC4P-Me,PFOS,,7,Cl,3,3,0,1,106,8,64,48,168,large,opt;freq;sp,inputs/unsolvated/PC4P-Me_PFOS_s7_Cl_c3_p3
PC4P-Me_PFOS_s7_I_c1_p1__unsolvated,PC4P-Me_PFOS_s7_I_c1_p1,unsolvated,complex,PC4P-Me,PFOS,,7,I,1,1,0,1,106,8,64,48,168,large,opt;freq;sp,inputs/unsolvated/PC4P-Me_PFOS_s7_I_c1_p1
PC4P-Me_PFOS_s7_I_c2_p2__unsolvated,PC4P-Me_PFOS_s7_I_c2_p2,unsolvated,complex,PC4P-Me,PFOS,,7,I,2,2,0,1,106,8,64,48,168,large,opt;freq;sp,inputs/unsolvated/PC4P-Me_PFOS_s7_I_c2_p2
PC4P-Me_PFOS_s7_I_c3_p3__unsolvated,PC4P-Me_PFOS_s7_I_c3_p3,unsolvated,complex,PC4P-Me,PFOS,,7,I,3,3,0,1,106,8,64,48,168,large,opt;freq;sp,inputs/unsolvated/PC4P-Me_PFOS_s7_I_c3_p3
PCy3_PFOS_s6_c1_p1__unsolvated,PCy3_PFOS_s6_c1_p1,unsolvated,complex,PCy3,PFOS,,6,,1,1,0,1,95,8,64,48,168,large,opt;freq;sp,inputs/unsolvated/PCy3_PFOS_s6_c1_p1
PCy3_PFOS_s6_c2_p2__unsolvated,PCy3_PFOS_s6_c2_p2,unsolvated,complex,PCy3,PFOS,,6,,2,2,0,1,95,8,64,48,168,large,opt;freq;sp,inputs/unsolvated/PCy3_PFOS_s6_c2_p2
PCy3_PFOS_s6_c3_p3__unsolvated,PCy3_PFOS_s6_c3_p3,unsolvated,complex,PCy3,PFOS,,6,,3,3,0,1,95,8,64,48,168,large,opt;freq;sp,inputs/unsolvated/PCy3_PFOS_s6_c3_p3
A400_PFPeA_s1_c1_p1__unsolvated,A400_PFPeA_s1_c1_p1,unsolvated,complex,A400,PFPeA,,1,,1,1,0,1,43,8,40,30,48,small,opt;freq;sp,inputs/unsolvated/A400_PFPeA_s1_c1_p1
A400_PFPeA_s1_c2_p2__unsolvated,A400_PFPeA_s1_c2_p2,unsolvated,complex,A400,PFPeA,,1,,2,2,0,1,43,8,40,30,48,small,opt;freq;sp,inputs/unsolvated/A400_PFPeA_s1_c2_p2
A400_PFPeA_s1_c3_p3__unsolvated,A400_PFPeA_s1_c3_p3,unsolvated,complex,A400,PFPeA,,1,,3,3,0,1,43,8,40,30,48,small,opt;freq;sp,inputs/unsolvated/A400_PFPeA_s1_c3_p3
PPh3_PFPeA_s6_c1_p1__unsolvated,PPh3_PFPeA_s6_c1_p1,unsolvated,complex,PPh3,PFPeA,,6,,1,1,0,1,64,8,64,48,168,large,opt;freq;sp,inputs/unsolvated/PPh3_PFPeA_s6_c1_p1
PPh3_PFPeA_s6_c2_p2__unsolvated,PPh3_PFPeA_s6_c2_p2,unsolvated,complex,PPh3,PFPeA,,6,,2,2,0,1,64,8,64,48,168,large,opt;freq;sp,inputs/unsolvated/PPh3_PFPeA_s6_c2_p2
PPh3_PFPeA_s6_c3_p3__unsolvated,PPh3_PFPeA_s6_c3_p3,unsolvated,complex,PPh3,PFPeA,,6,,3,3,0,1,64,8,64,48,168,large,opt;freq;sp,inputs/unsolvated/PPh3_PFPeA_s6_c3_p3
PC4P_PFPeA_s7_c1_p1__unsolvated,PC4P_PFPeA_s7_c1_p1,unsolvated,complex,PC4P,PFPeA,,7,,1,1,0,1,88,8,64,48,168,large,opt;freq;sp,inputs/unsolvated/PC4P_PFPeA_s7_c1_p1
PC4P_PFPeA_s7_c2_p2__unsolvated,PC4P_PFPeA_s7_c2_p2,unsolvated,complex,PC4P,PFPeA,,7,,2,2,0,1,88,8,64,48,168,large,opt;freq;sp,inputs/unsolvated/PC4P_PFPeA_s7_c2_p2
PC4P_PFPeA_s7_c3_p3__unsolvated,PC4P_PFPeA_s7_c3_p3,unsolvated,complex,PC4P,PFPeA,,7,,3,3,0,1,88,8,64,48,168,large,opt;freq;sp,inputs/unsolvated/PC4P_PFPeA_s7_c3_p3
PC4P-Me_PFPeA_s24_Cl_c1_p1__unsolvated,PC4P-Me_PFPeA_s24_Cl_c1_p1,unsolvated,complex,PC4P-Me,PFPeA,,24,Cl,1,1,0,1,93,8,64,48,168,large,opt;freq;sp,inputs/unsolvated/PC4P-Me_PFPeA_s24_Cl_c1_p1
PC4P-Me_PFPeA_s24_Cl_c2_p2__unsolvated,PC4P-Me_PFPeA_s24_Cl_c2_p2,unsolvated,complex,PC4P-Me,PFPeA,,24,Cl,2,2,0,1,93,8,64,48,168,large,opt;freq;sp,inputs/unsolvated/PC4P-Me_PFPeA_s24_Cl_c2_p2
PC4P-Me_PFPeA_s24_Cl_c3_p3__unsolvated,PC4P-Me_PFPeA_s24_Cl_c3_p3,unsolvated,complex,PC4P-Me,PFPeA,,24,Cl,3,3,0,1,93,8,64,48,168,large,opt;freq;sp,inputs/unsolvated/PC4P-Me_PFPeA_s24_Cl_c3_p3
PC4P-Me_PFPeA_s24_I_c1_p1__unsolvated,PC4P-Me_PFPeA_s24_I_c1_p1,unsolvated,complex,PC4P-Me,PFPeA,,24,I,1,1,0,1,93,8,64,48,168,large,opt;freq;sp,inputs/unsolvated/PC4P-Me_PFPeA_s24_I_c1_p1
PC4P-Me_PFPeA_s24_I_c2_p2__unsolvated,PC4P-Me_PFPeA_s24_I_c2_p2,unsolvated,complex,PC4P-Me,PFPeA,,24,I,2,2,0,1,93,8,64,48,168,large,opt;freq;sp,inputs/unsolvated/PC4P-Me_PFPeA_s24_I_c2_p2
PC4P-Me_PFPeA_s24_I_c3_p3__unsolvated,PC4P-Me_PFPeA_s24_I_c3_p3,unsolvated,complex,PC4P-Me,PFPeA,,24,I,3,3,0,1,93,8,64,48,168,large,opt;freq;sp,inputs/unsolvated/PC4P-Me_PFPeA_s24_I_c3_p3
PC4P-Me_PFPeA_s7_Cl_c1_p1__unsolvated,PC4P-Me_PFPeA_s7_Cl_c1_p1,unsolvated,complex,PC4P-Me,PFPeA,,7,Cl,1,1,0,1,93,8,64,48,168,large,opt;freq;sp,inputs/unsolvated/PC4P-Me_PFPeA_s7_Cl_c1_p1
PC4P-Me_PFPeA_s7_Cl_c2_p2__unsolvated,PC4P-Me_PFPeA_s7_Cl_c2_p2,unsolvated,complex,PC4P-Me,PFPeA,,7,Cl,2,2,0,1,93,8,64,48,168,large,opt;freq;sp,inputs/unsolvated/PC4P-Me_PFPeA_s7_Cl_c2_p2
PC4P-Me_PFPeA_s7_Cl_c3_p3__unsolvated,PC4P-Me_PFPeA_s7_Cl_c3_p3,unsolvated,complex,PC4P-Me,PFPeA,,7,Cl,3,3,0,1,93,8,64,48,168,large,opt;freq;sp,inputs/unsolvated/PC4P-Me_PFPeA_s7_Cl_c3_p3
PC4P-Me_PFPeA_s7_I_c1_p1__unsolvated,PC4P-Me_PFPeA_s7_I_c1_p1,unsolvated,complex,PC4P-Me,PFPeA,,7,I,1,1,0,1,93,8,64,48,168,large,opt;freq;sp,inputs/unsolvated/PC4P-Me_PFPeA_s7_I_c1_p1
PC4P-Me_PFPeA_s7_I_c2_p2__unsolvated,PC4P-Me_PFPeA_s7_I_c2_p2,unsolvated,complex,PC4P-Me,PFPeA,,7,I,2,2,0,1,93,8,64,48,168,large,opt;freq;sp,inputs/unsolvated/PC4P-Me_PFPeA_s7_I_c2_p2
PC4P-Me_PFPeA_s7_I_c3_p3__unsolvated,PC4P-Me_PFPeA_s7_I_c3_p3,unsolvated,complex,PC4P-Me,PFPeA,,7,I,3,3,0,1,93,8,64,48,168,large,opt;freq;sp,inputs/unsolvated/PC4P-Me_PFPeA_s7_I_c3_p3
PCy3_PFPeA_s6_c1_p1__unsolvated,PCy3_PFPeA_s6_c1_p1,unsolvated,complex,PCy3,PFPeA,,6,,1,1,0,1,82,8,64,48,168,large,opt;freq;sp,inputs/unsolvated/PCy3_PFPeA_s6_c1_p1
PCy3_PFPeA_s6_c2_p2__unsolvated,PCy3_PFPeA_s6_c2_p2,unsolvated,complex,PCy3,PFPeA,,6,,2,2,0,1,82,8,64,48,168,large,opt;freq;sp,inputs/unsolvated/PCy3_PFPeA_s6_c2_p2
PCy3_PFPeA_s6_c3_p3__unsolvated,PCy3_PFPeA_s6_c3_p3,unsolvated,complex,PCy3,PFPeA,,6,,3,3,0,1,82,8,64,48,168,large,opt;freq;sp,inputs/unsolvated/PCy3_PFPeA_s6_c3_p3
A400_PFHpA_s1_c1_p1__unsolvated,A400_PFHpA_s1_c1_p1,unsolvated,complex,A400,PFHpA,,1,,1,1,0,1,49,8,40,30,48,small,opt;freq;sp,inputs/unsolvated/A400_PFHpA_s1_c1_p1
A400_PFHpA_s1_c2_p2__unsolvated,A400_PFHpA_s1_c2_p2,unsolvated,complex,A400,PFHpA,,1,,2,2,0,1,49,8,40,30,48,small,opt;freq;sp,inputs/unsolvated/A400_PFHpA_s1_c2_p2
A400_PFHpA_s1_c3_p3__unsolvated,A400_PFHpA_s1_c3_p3,unsolvated,complex,A400,PFHpA,,1,,3,3,0,1,49,8,40,30,48,small,opt;freq;sp,inputs/unsolvated/A400_PFHpA_s1_c3_p3
PPh3_PFHpA_s6_c1_p1__unsolvated,PPh3_PFHpA_s6_c1_p1,unsolvated,complex,PPh3,PFHpA,,6,,1,1,0,1,70,8,64,48,168,large,opt;freq;sp,inputs/unsolvated/PPh3_PFHpA_s6_c1_p1
PPh3_PFHpA_s6_c2_p2__unsolvated,PPh3_PFHpA_s6_c2_p2,unsolvated,complex,PPh3,PFHpA,,6,,2,2,0,1,70,8,64,48,168,large,opt;freq;sp,inputs/unsolvated/PPh3_PFHpA_s6_c2_p2
PPh3_PFHpA_s6_c3_p3__unsolvated,PPh3_PFHpA_s6_c3_p3,unsolvated,complex,PPh3,PFHpA,,6,,3,3,0,1,70,8,64,48,168,large,opt;freq;sp,inputs/unsolvated/PPh3_PFHpA_s6_c3_p3
PC4P_PFHpA_s7_c1_p1__unsolvated,PC4P_PFHpA_s7_c1_p1,unsolvated,complex,PC4P,PFHpA,,7,,1,1,0,1,94,8,64,48,168,large,opt;freq;sp,inputs/unsolvated/PC4P_PFHpA_s7_c1_p1
PC4P_PFHpA_s7_c2_p2__unsolvated,PC4P_PFHpA_s7_c2_p2,unsolvated,complex,PC4P,PFHpA,,7,,2,2,0,1,94,8,64,48,168,large,opt;freq;sp,inputs/unsolvated/PC4P_PFHpA_s7_c2_p2
PC4P_PFHpA_s7_c3_p3__unsolvated,PC4P_PFHpA_s7_c3_p3,unsolvated,complex,PC4P,PFHpA,,7,,3,3,0,1,94,8,64,48,168,large,opt;freq;sp,inputs/unsolvated/PC4P_PFHpA_s7_c3_p3
PC4P-Me_PFHpA_s24_Cl_c1_p1__unsolvated,PC4P-Me_PFHpA_s24_Cl_c1_p1,unsolvated,complex,PC4P-Me,PFHpA,,24,Cl,1,1,0,1,99,8,64,48,168,large,opt;freq;sp,inputs/unsolvated/PC4P-Me_PFHpA_s24_Cl_c1_p1
PC4P-Me_PFHpA_s24_Cl_c2_p2__unsolvated,PC4P-Me_PFHpA_s24_Cl_c2_p2,unsolvated,complex,PC4P-Me,PFHpA,,24,Cl,2,2,0,1,99,8,64,48,168,large,opt;freq;sp,inputs/unsolvated/PC4P-Me_PFHpA_s24_Cl_c2_p2
PC4P-Me_PFHpA_s24_Cl_c3_p3__unsolvated,PC4P-Me_PFHpA_s24_Cl_c3_p3,unsolvated,complex,PC4P-Me,PFHpA,,24,Cl,3,3,0,1,99,8,64,48,168,large,opt;freq;sp,inputs/unsolvated/PC4P-Me_PFHpA_s24_Cl_c3_p3
PC4P-Me_PFHpA_s24_I_c1_p1__unsolvated,PC4P-Me_PFHpA_s24_I_c1_p1,unsolvated,complex,PC4P-Me,PFHpA,,24,I,1,1,0,1,99,8,64,48,168,large,opt;freq;sp,inputs/unsolvated/PC4P-Me_PFHpA_s24_I_c1_p1
PC4P-Me_PFHpA_s24_I_c2_p2__unsolvated,PC4P-Me_PFHpA_s24_I_c2_p2,unsolvated,complex,PC4P-Me,PFHpA,,24,I,2,2,0,1,99,8,64,48,168,large,opt;freq;sp,inputs/unsolvated/PC4P-Me_PFHpA_s24_I_c2_p2
PC4P-Me_PFHpA_s24_I_c3_p3__unsolvated,PC4P-Me_PFHpA_s24_I_c3_p3,unsolvated,complex,PC4P-Me,PFHpA,,24,I,3,3,0,1,99,8,64,48,168,large,opt;freq;sp,inputs/unsolvated/PC4P-Me_PFHpA_s24_I_c3_p3
PC4P-Me_PFHpA_s7_Cl_c1_p1__unsolvated,PC4P-Me_PFHpA_s7_Cl_c1_p1,unsolvated,complex,PC4P-Me,PFHpA,,7,Cl,1,1,0,1,99,8,64,48,168,large,opt;freq;sp,inputs/unsolvated/PC4P-Me_PFHpA_s7_Cl_c1_p1
PC4P-Me_PFHpA_s7_Cl_c2_p2__unsolvated,PC4P-Me_PFHpA_s7_Cl_c2_p2,unsolvated,complex,PC4P-Me,PFHpA,,7,Cl,2,2,0,1,99,8,64,48,168,large,opt;freq;sp,inputs/unsolvated/PC4P-Me_PFHpA_s7_Cl_c2_p2
PC4P-Me_PFHpA_s7_Cl_c3_p3__unsolvated,PC4P-Me_PFHpA_s7_Cl_c3_p3,unsolvated,complex,PC4P-Me,PFHpA,,7,Cl,3,3,0,1,99,8,64,48,168,large,opt;freq;sp,inputs/unsolvated/PC4P-Me_PFHpA_s7_Cl_c3_p3
PC4P-Me_PFHpA_s7_I_c1_p1__unsolvated,PC4P-Me_PFHpA_s7_I_c1_p1,unsolvated,complex,PC4P-Me,PFHpA,,7,I,1,1,0,1,99,8,64,48,168,large,opt;freq;sp,inputs/unsolvated/PC4P-Me_PFHpA_s7_I_c1_p1
PC4P-Me_PFHpA_s7_I_c2_p2__unsolvated,PC4P-Me_PFHpA_s7_I_c2_p2,unsolvated,complex,PC4P-Me,PFHpA,,7,I,2,2,0,1,99,8,64,48,168,large,opt;freq;sp,inputs/unsolvated/PC4P-Me_PFHpA_s7_I_c2_p2
PC4P-Me_PFHpA_s7_I_c3_p3__unsolvated,PC4P-Me_PFHpA_s7_I_c3_p3,unsolvated,complex,PC4P-Me,PFHpA,,7,I,3,3,0,1,99,8,64,48,168,large,opt;freq;sp,inputs/unsolvated/PC4P-Me_PFHpA_s7_I_c3_p3
PCy3_PFHpA_s6_c1_p1__unsolvated,PCy3_PFHpA_s6_c1_p1,unsolvated,complex,PCy3,PFHpA,,6,,1,1,0,1,88,8,64,48,168,large,opt;freq;sp,inputs/unsolvated/PCy3_PFHpA_s6_c1_p1
PCy3_PFHpA_s6_c2_p2__unsolvated,PCy3_PFHpA_s6_c2_p2,unsolvated,complex,PCy3,PFHpA,,6,,2,2,0,1,88,8,64,48,168,large,opt;freq;sp,inputs/unsolvated/PCy3_PFHpA_s6_c2_p2
PCy3_PFHpA_s6_c3_p3__unsolvated,PCy3_PFHpA_s6_c3_p3,unsolvated,complex,PCy3,PFHpA,,6,,3,3,0,1,88,8,64,48,168,large,opt;freq;sp,inputs/unsolvated/PCy3_PFHpA_s6_c3_p3
